date,ambientTemp,outdoorTemp,bearTemp1T1,bearTemp2T1,bearTemp3T1,bearTemp1T2,bearTemp2T2,bearTemp3T2,rainfall,T1Power,T2Power
1/1/2022,29.46,29.23,40.79,34.7,35.28,41.25,38.15,38.36,1.5,0,0
1/2/2022,29.46,29.23,40.79,34.7,35.28,41.25,38.15,38.36,1.84,0,0
1/3/2022,29.46,29.23,40.79,34.7,35.28,41.25,38.15,38.36,0.49,0,0
1/4/2022,29.46,29.23,40.79,34.7,35.28,41.25,38.15,38.36,1.22,0,0
1/5/2022,29.46,29.23,40.79,34.7,35.28,41.25,38.15,38.36,0.14,0,0
1/6/2022,29.46,29.23,40.79,34.7,35.28,41.25,38.15,38.36,0.23,0,0
1/7/2022,29.46,29.23,40.79,34.7,35.28,41.25,38.15,38.36,0.38,0,0
1/8/2022,29.46,29.23,40.79,34.7,35.28,41.25,38.15,38.36,0.14,0,0
1/9/2022,29.46,29.23,40.79,34.7,35.28,41.25,38.15,38.36,0.41,0,0
1/10/2022,29.46,29.23,40.79,34.7,35.28,41.25,38.15,38.36,0.15,0,0
1/11/2022,29.46,29.23,40.79,34.7,35.28,41.25,38.15,38.36,0.04,0,0
1/12/2022,29.46,29.23,40.79,34.7,35.28,41.25,38.15,38.36,0.14,0,0
1/13/2022,29.46,29.23,40.79,34.7,35.28,41.25,38.15,38.36,0,0,0
1/14/2022,29.46,29.23,40.79,34.7,35.28,41.25,38.15,38.36,0.04,0,0
1/15/2022,29.46,29.23,40.79,34.7,35.28,41.25,38.15,38.36,0.04,0,0
1/16/2022,29.46,29.23,40.79,34.7,35.28,41.25,38.15,38.36,0.22,0,0
1/17/2022,29.46,29.23,40.79,34.7,35.28,41.25,38.15,38.36,1.31,0,0
1/18/2022,29.46,29.23,40.79,34.7,35.28,41.25,38.15,38.36,0.12,0,0
1/19/2022,28.78,30.56,35.44,31.93,31.83,35.04,30.53,30.73,0.09,0,0
1/20/2022,29.27,30.66,43.4,41.93,41.91,39.9,31.87,32.07,0.05,0,0
1/21/2022,29.26,30.37,42.31,38.12,38.43,41.57,35.25,34.75,0.07,0,0
1/22/2022,30.94,35.44,43.38,40.3,40.47,43.28,39.98,40.27,0.04,0,0
1/23/2022,30.94,35.44,43.38,40.3,40.47,43.28,39.98,40.27,0.93,0,0
1/24/2022,28.86,30.74,35.73,32.02,32.26,34.94,30.76,31.06,1.36,0,0
1/25/2022,28.53,30.19,38.46,32.84,33.11,37.45,30.43,30.73,0.51,0,0
1/26/2022,28.54,27.95,39.28,33.67,33.95,38.45,31.44,31.74,0.05,0,0
1/27/2022,28.54,27.95,39.28,33.67,33.95,38.45,31.44,31.74,0.84,0,0
1/28/2022,28.54,27.95,39.28,33.67,33.95,38.45,31.44,31.74,0.11,0,0
1/29/2022,28.54,27.95,39.28,33.67,33.95,38.45,31.44,31.74,0.14,0,0
1/30/2022,28.54,27.95,39.28,33.67,33.95,38.45,31.44,31.74,0.08,0,0
1/31/2022,28.54,27.95,39.28,33.67,33.95,38.45,31.44,31.74,0.33,0,0
2/1/2022,28.54,27.95,39.28,33.67,33.95,38.45,31.44,31.74,0.34,0,0
2/2/2022,28.54,27.95,39.28,33.67,33.95,38.45,31.44,31.74,1,0,0
2/3/2022,28.54,27.95,39.28,33.67,33.95,38.45,31.44,31.74,1.45,0,0
2/4/2022,28.54,27.95,39.28,33.67,33.95,38.45,31.44,31.74,0.33,0,0
2/5/2022,28.54,27.95,39.28,33.67,33.95,38.45,31.44,31.74,1.97,0,0
2/6/2022,28.54,27.95,39.28,33.67,33.95,38.45,31.44,31.74,2.25,0,0
2/7/2022,28.54,27.95,39.28,33.67,33.95,38.45,31.44,31.74,3.06,0,0
2/8/2022,28.54,27.95,39.28,33.67,33.95,38.45,31.44,31.74,2.33,0,0
2/9/2022,28.54,27.95,39.28,33.67,33.95,38.45,31.44,31.74,1.31,0,0
2/10/2022,28.54,27.95,39.28,33.67,33.95,38.45,31.44,31.74,0.35,0,0
2/11/2022,28.54,27.95,39.28,33.67,33.95,38.45,31.44,31.74,1.07,0,0
2/12/2022,28.54,27.95,39.28,33.67,33.95,38.45,31.44,31.74,0.1,0,0
2/13/2022,27.88,27.67,34.14,31.68,31.88,33.24,30.68,30.88,2.41,0,0
2/14/2022,26.87,30.12,37.66,30.17,30.37,36.76,29.16,29.36,6.01,0,0
2/15/2022,26.87,31.66,38.16,30.17,30.37,37.26,29.16,29.36,2.41,0,0
2/16/2022,26.87,31.66,38.16,30.17,30.37,37.26,29.16,29.36,1.07,0,0
2/17/2022,26.87,31.66,38.16,30.17,30.37,37.26,29.16,29.36,0.17,0,0
2/18/2022,26.87,31.66,38.16,30.17,30.37,37.26,29.16,29.36,0.13,0,0
2/19/2022,29.28,31.81,38.16,30.17,30.37,37.26,29.16,29.36,0.04,0,0
2/20/2022,28.26,31.29,38.16,30.17,30.37,37.26,29.16,29.36,0.56,0,0
2/21/2022,28.58,31.16,38.16,30.17,30.37,37.26,29.16,29.36,0.1,0,0
2/22/2022,28.75,31.13,36.99,32.53,32.78,35.07,31.43,31.86,1.66,0,0
2/23/2022,28.25,31.5,39.59,32.53,32.78,40.27,31.44,31.64,0.67,0,0
2/24/2022,28.25,28.76,39.54,32.14,32.63,40.27,31.45,31.65,1,0,0
2/25/2022,27.25,26.34,39.88,31.02,31.28,39.26,29.95,30.15,2.11,0,0
2/26/2022,26.74,27.85,39.38,31.52,31.77,38.25,30.45,30.65,3.87,0,0
2/27/2022,26.74,27.85,39.38,31.02,31.77,39.25,29.95,30.15,0.64,0,0
2/28/2022,27.38,30.98,39.72,31.71,31.98,39.58,30.67,30.85,2.25,0,0
3/1/2022,27.77,30.39,41.45,36.71,37.04,39.42,32.81,32.37,1.22,0,0
3/2/2022,29.27,31.79,40.45,33.7,34.01,39.43,32.03,32.22,1,0,0
3/3/2022,28.35,31.59,40.45,32.54,32.85,39.44,31.45,31.64,0.9,0,0
3/4/2022,28.66,30.7,44.64,45.2,44.98,43.17,36.9,37.44,2.58,-0.05,0.97
3/5/2022,26.88,29.57,39.34,35.81,36.11,39.08,33.22,32.9,4.59,0.04,0
3/6/2022,27.05,30.99,39.84,31.31,31.62,38.75,30.23,30.63,3.27,0.04,0
3/7/2022,27.53,29.32,40.2,39.16,41.66,38.61,30.82,31.1,3.62,0.85,0
3/8/2022,27.52,29.34,40.66,41.87,41.87,38.68,30.88,31.06,3.06,2.37,0
3/9/2022,27.52,30.36,42.53,42.69,42.86,40.28,35.02,35.2,1.22,2.66,0
3/10/2022,28.53,29.98,41.55,37.6,37.8,41.02,35.56,35.18,1.97,0.22,0
3/11/2022,28.34,32.59,40.05,35.16,36.23,40.52,35.82,35.05,0.64,1.48,0
3/12/2022,27.55,31.03,40.05,33.54,34.22,39.15,32.82,33.12,0.07,0.18,0
3/13/2022,27.55,32.23,41.05,33.55,34.23,40.48,32.25,32.12,6.22,0.18,0
3/14/2022,28.27,31.93,40.45,36.5,36.78,41.3,35.87,35.86,1.78,0.81,0
3/15/2022,27.98,31.87,40.7,34.2,34.98,44.45,37.69,37.59,1.55,0,0
3/16/2022,28.48,30.93,43.02,38.59,40.39,43.26,38.21,38.69,2.76,0,0
3/17/2022,27.47,29.45,42.33,43.12,43.76,41.15,39.51,39.12,4.14,0,0
3/18/2022,28.57,30.62,41.88,43.26,43.75,43.66,40.76,41.88,0.24,0,0
3/19/2022,28.76,32.63,45.73,43.44,42.77,42.45,39.75,39.74,0.21,0,0
3/20/2022,29.29,33.02,48.94,59.73,58.54,44,39.85,40.25,0.17,3.74,3.43
3/21/2022,28.95,29.69,47.67,52.13,51.95,43.83,45,46,0.11,3,3.03
3/22/2022,29.55,30.61,46.26,57.29,57.18,44.01,47.76,48.84,0.36,1.95,1.83
3/23/2022,29.28,31.22,46.5,60.61,58.98,41.84,40.55,42.32,2.18,3.4,2.76
3/24/2022,29.45,30.61,46.05,59.54,58.05,41.65,33.68,33.51,1.03,4.46,0.15
3/25/2022,29.45,32.25,45.86,61.25,59.43,41.45,33.35,33.65,0.2,4.46,0.15
3/26/2022,28.95,32.28,45,60.62,58.81,42.45,33.02,33.32,0.62,4.46,0.15
3/27/2022,28.95,32.79,46.14,59.65,58.93,41.95,33.64,33.92,0.41,4.46,0.15
3/28/2022,30.12,32.96,46.14,60.2,59.02,41.95,33.55,33.83,0.64,2.25,0.15
3/29/2022,30.23,32.78,46.8,61.34,59.47,41.95,33.48,33.76,1.22,4.5,0.15
3/30/2022,29.44,32.45,43.27,47.92,48.26,40.95,32.54,32.84,1.11,2.17,0.15
3/31/2022,28.44,32.62,42.19,34.4,35.21,39.94,31.71,32.01,1.66,0.06,0.15
4/1/2022,28.75,32.71,41.86,32.91,33.92,39.94,31.54,31.84,0.87,0.06,0.15
4/2/2022,28.45,31.54,43.87,43.96,42.63,41.45,38.06,38.57,1.31,3.17,3.39
4/3/2022,28.48,29.83,45.16,54.48,53.83,43.67,57.62,58.19,2.76,3.84,2.61
4/4/2022,28.47,29.76,43.33,55.46,52.7,42.55,58.4,58.47,2.11,4.17,4.14
4/5/2022,27.96,29.05,45.18,56.05,53.91,42.53,59.51,59.73,2.11,4.09,3.91
4/6/2022,28.26,28.85,44.23,54.09,52.01,42.11,59.12,58.22,1.36,4.13,3.8
4/7/2022,28.78,31.08,44.24,55.61,53.13,42.72,58.01,57.76,1.55,4.18,4.03
4/8/2022,28.95,29.94,45.85,56.01,53.99,43.87,60.37,59.89,1.66,4.09,4.13
4/9/2022,29.45,32.32,44,57.54,55.27,44.16,59.61,59.75,0.49,4.18,4.09
4/10/2022,30.25,33.25,46.35,59.58,57.31,45.4,58.08,58.46,0.3,4.16,3.53
4/11/2022,28.95,32.47,44.83,49.75,49.91,42.73,48.71,49.07,0.24,3.87,2.96
4/12/2022,29.45,31.73,46.68,59.36,57.73,45.93,56.45,57.41,0.35,4.16,4.02
4/13/2022,29.95,32.4,46.38,60.15,58.95,44.64,55.66,56.91,1.36,4.04,4.14
4/14/2022,29.45,31.05,47.88,57.95,56,45.46,54.5,55.38,1.03,3.97,3.58
4/15/2022,29.95,33.05,45.42,58.02,55.91,43.7,51.59,52.1,0.97,4.17,3.42
4/16/2022,29.45,31.76,46.11,58.46,56.53,42.74,51.27,51.56,0.46,3.83,3.63
4/17/2022,30.25,33.05,45.93,55.54,54.47,42.97,49.14,49.61,1.72,2.12,2.53
4/18/2022,29.44,31.75,48.21,56.74,54.82,43.92,52.26,53,0.69,3.57,3.66
4/19/2022,29.95,30.86,49.65,55.81,53.9,44.25,52.95,52.68,5.08,3.34,2.13
4/20/2022,28.45,31.94,46.57,55.59,53.31,43.34,50.2,50.99,0.76,4.07,2.89
4/21/2022,29.78,31.39,46.29,55.45,53.7,43.4,50.12,50.59,1.18,4.2,2.66
4/22/2022,29.95,32.81,46.64,56.55,54.74,44.06,51.16,51.67,1.78,4.16,2.78
4/23/2022,29.45,30.93,46.75,56.88,54.43,42.93,49.57,50.14,1,4.17,2.75
4/24/2022,29.45,33.38,47.66,55.88,54.13,43.67,50.55,51.31,1.22,4.11,2.87
4/25/2022,29.45,33.2,46.53,54.87,52.99,43.34,50.35,51.11,3.74,4.15,2.99
4/26/2022,29.95,32.83,46.66,55.91,53.97,43.25,50.93,50.95,1.36,4.1,2.84
4/27/2022,30.05,33.63,48.21,55.75,53.5,43.5,52.05,52.05,0.27,4.18,2.64
4/28/2022,30.95,35.22,48.13,54.95,53.68,43.58,51.94,51.84,0.82,4.12,2.76
4/29/2022,29.77,32.63,46.55,54.95,53.37,43.44,50.88,52.22,0.74,3.89,2.91
4/30/2022,30.05,31.75,47.49,56.01,55.04,43.27,52.07,51.26,0.62,4.15,2.63
5/1/2022,30.25,34.23,47.94,55.45,53.62,43.65,51.81,51.94,0.44,3.86,2.66
5/2/2022,29.94,33.55,47.84,53.45,52.56,44.06,49.78,50.45,2.25,3.52,2.81
5/3/2022,29.44,31.04,46.79,54.89,52.74,42.74,49.54,49.81,0.47,4.11,2.73
5/4/2022,28.78,30.55,112.21,45.16,46.25,40.35,41.56,41.97,0.67,4.03,2.48
5/5/2022,29.95,33.47,49.71,52.48,51.77,43.92,47.64,48.32,0.9,3.68,2.74
5/6/2022,29.45,32.77,50.92,54.18,53.83,43.85,47.6,48.44,0.97,3.78,2.61
5/7/2022,29.45,33.27,50.9,52.95,53.03,43.94,47.56,48.13,0.16,2.41,2.39
5/8/2022,29.95,31.71,51.42,52.45,51.92,42.59,46.85,47.64,0.33,2.87,2.52
5/9/2022,29.45,30.54,50.83,51.95,51.42,43.05,45.88,46.15,1.14,3.06,2.44
5/10/2022,29.45,33.35,51.5,53.06,52.02,42.76,46.46,46.74,0.71,3.64,2.7
5/11/2022,29.25,32.09,51.88,52.88,52.26,43.05,46.65,47.44,2.04,3.33,2.56
5/12/2022,29.78,33.97,51.88,54.45,53.25,43.81,48.39,48.39,0.58,3.92,2.61
5/13/2022,29.45,33.38,52.89,56.25,53.92,43.06,47.35,48.02,0.54,4.2,2.58
5/14/2022,29.64,34.47,50.85,45.3,45.33,40.55,39.73,40.33,0.4,2.7,1.08
5/15/2022,29.42,31.44,53.06,54.24,53,42.39,38.33,39.21,1.27,3.4,1.3
5/16/2022,28.76,30.42,51.91,51.54,50.78,41.45,45.3,47.21,2.95,3.26,2.8
5/17/2022,28.94,30.43,52.1,52.45,52.11,41.05,45.36,45.53,0.04,3.52,2.15
5/18/2022,29.05,31.36,54.31,53.15,52.6,42.06,46.54,47.25,0.04,3.55,3.51
5/19/2022,29.95,32.69,53.19,54.46,53.55,41.05,42.95,43.54,0.04,4.07,2.08
5/20/2022,30.45,33.77,49.53,46.43,46.53,43.39,41.58,43.56,0.06,0,3.29
5/21/2022,29.95,33.2,49.54,37.17,38.45,43.54,48.43,49.56,0.04,0,2.95
5/22/2022,29.45,33.99,52.48,42.75,43.69,43.55,44.64,46.07,0.1,3.73,2.63
5/23/2022,29.45,33.47,51.73,49.21,49.82,42.83,45.94,43.23,0.04,2.66,2.5
5/24/2022,29.95,34.36,51.87,53.46,52.89,43.14,52.13,51.82,0.27,3.23,2.3
5/25/2022,28.77,32.98,52.37,51.45,51.47,42.37,48.84,49.16,0.44,3.23,2.55
5/26/2022,29.05,31.73,50.51,52.12,51.87,42.51,50.07,50.05,0.04,2.99,2.27
5/27/2022,28.78,30.98,51.54,52.31,51.74,43.48,49.78,49.71,0.12,2.8,2.44
5/28/2022,29.45,32.22,52.19,54.79,53.75,40.9,41.68,41.42,0.06,3.48,1.28
5/29/2022,29.45,32.15,65.66,56.45,55.5,41.36,34.18,34.03,0.32,2.64,0.1
5/30/2022,28.95,33.55,52.06,55.73,54.67,41.36,32.68,33.37,0.46,4.52,0.1
5/31/2022,29.78,34.04,52.76,56.25,55.11,41.36,32.35,32.03,0.51,4.52,0.1
6/1/2022,28.78,30.05,50.42,55.95,54.54,42.36,32.85,33.05,0.9,4.52,0.1
6/2/2022,29.78,31.91,51.55,55.45,54.32,44.06,44.25,42.49,1.14,3.5,2.28
6/3/2022,29.25,32.27,52.78,52.6,52.74,45.3,49.84,49.55,0.58,3.42,2.75
6/4/2022,30.25,31.45,52.09,57.29,55.56,44.4,51.57,53.07,0.93,4.27,2.91
6/5/2022,29.45,29.88,52.51,56.45,54.97,44.99,52.24,52.36,0.74,4.03,2.8
6/6/2022,29.45,33.05,52.25,55.95,55.85,46.14,52.12,52.72,1.97,4.21,2.86
6/7/2022,28.95,29.63,53.4,55.61,57.32,45.53,49.73,50.27,0.25,3.31,3.11
6/8/2022,29.45,30.85,57.33,54.95,56.23,45.4,50.76,50.93,0.36,4.01,2.69
6/9/2022,29.45,33.48,57.98,56.27,60.91,45.7,53.76,53.82,1.4,3.35,2.88
6/10/2022,29.45,30.5,58.12,56.95,63.37,47.17,53.31,54.55,1,2.77,3.51
6/11/2022,28.95,32.85,57.13,55.44,62.18,47.09,55.34,55.65,2.67,3.25,3.52
6/12/2022,28.95,30.54,55.48,49.94,57.13,45.48,49.53,49.77,0.17,3.15,2.49
6/13/2022,29.95,33.27,58.12,56.61,63.39,49.24,54.77,55.35,1.14,4.56,3.95
6/14/2022,29.45,33.79,57.55,55.88,61.76,47.71,53.87,54.56,0.9,3.53,3.16
6/15/2022,28.78,30.32,56.94,45.42,54.03,48.19,45.18,45.72,1.14,3.64,2.8
6/16/2022,29.59,31.74,50.31,48.47,55.7,48.38,53.32,52.94,0.74,3.93,3.51
6/17/2022,28.77,31.93,48.69,46.95,56.79,45.92,48.35,48.06,2.49,3.82,2.84
6/18/2022,29.45,32.05,49.38,54.76,63.25,46.52,50.65,51.05,2.04,4.62,3.39
6/19/2022,29.78,32.92,50.73,55.2,64.64,46.22,51.92,53.35,2.33,2.78,3.1
6/20/2022,29.25,33.29,50.45,54.7,69.16,47.07,50.7,52.3,1.45,2.55,3.4
6/21/2022,29.79,31.77,53.99,55.45,77.61,48.94,50.94,52.31,0.93,3.01,3.43
6/22/2022,29.95,32.34,57.63,53.94,76.5,46.55,50.6,51.73,0.93,3.86,3.49
6/23/2022,28.94,31.77,57.01,54.95,78.32,48.43,49.9,51.46,1.4,4.15,3.69
6/24/2022,28.94,29.37,54.83,54.45,77.4,47.11,50.19,51.07,0.2,4.52,3.47
6/25/2022,29.45,32.25,58.2,53.95,77.96,48.66,50.46,52.15,0.11,3.32,3.42
6/26/2022,29.45,32.62,49.57,45.22,160.91,48.12,51.02,52.54,0.41,3.22,3.6
6/27/2022,29.45,33.67,47.98,54.48,53.11,47.45,51.56,51.54,0.84,4.63,3.38
6/28/2022,30.45,33.48,47.28,55.46,53.29,49.15,51.31,51.88,2.04,4.63,3.45
6/29/2022,29.94,34.12,47.09,54.88,53.57,48.46,51.29,51.43,1.14,2.63,3.39
6/30/2022,29.94,32.27,47.17,55.59,54.31,48.21,49.24,50.06,0.19,2.35,3.32
7/1/2022,30.78,32.05,45.01,55.45,54.32,45.06,49.59,49.62,0.06,4.47,2.56
7/2/2022,30.45,33.21,44.63,55.45,53.73,45.81,52.1,52.36,0.04,3.16,2.58
7/3/2022,30.45,32.54,45.12,56.95,55.75,46.5,53.47,53.56,0.04,4.5,2.55
7/4/2022,29.95,33.17,45.18,54.28,53.47,46.71,51.37,52.04,0.9,4.18,2.69
7/5/2022,29.44,30.12,45.22,55.45,53.32,48.57,50.86,51.71,0.04,4.48,3.48
7/6/2022,30.78,30.74,45.58,56.05,54.28,45.42,50.39,50.54,0.09,4.48,2.54
7/7/2022,30.95,33.98,45.12,55.95,54.66,45.35,49.81,51.05,0.11,4.48,2.59
7/8/2022,30.25,32.98,44.71,55.88,54.72,44.24,49.82,50.48,0.71,4.48,3.01
7/9/2022,30.78,30.55,45.34,57.12,55.91,44.49,50.22,50.96,0.19,4.48,2.68
7/10/2022,29.94,32.05,45.19,55.02,54.15,47.51,49.09,48.94,0.3,2.87,2.5
7/11/2022,30.24,32.19,45.15,54.78,53.67,46.54,48.48,49.5,0.54,3.9,2.72
7/12/2022,28.44,27.54,44.11,53.11,51.1,46.12,47.35,48.43,1.18,3.01,3.5
7/13/2022,29.78,31.47,45.21,55.46,53.65,46.18,47.46,47.87,0.38,4.55,3.35
7/14/2022,29.95,30.31,45.84,54.88,53.66,43.16,47.54,48.68,0.05,2.37,2.93
7/15/2022,30.05,31.96,45.07,55.59,53.76,45.81,47.53,48.34,0.04,4.49,2.61
7/16/2022,29.45,31.36,42.93,45.92,46.21,42.56,41.41,41.33,0.04,1.98,2.45
7/17/2022,28.95,33.78,42.33,40.8,40.5,42.24,37.91,38.24,0.22,3.35,2.26
7/18/2022,30.06,32.72,45.81,52.73,51.67,48.55,47.02,48.54,0.26,4.12,2.56
7/19/2022,29.78,29.94,45.23,53.03,51.79,47.81,46.54,47.65,0.74,3.98,2.71
7/20/2022,29.95,32.39,47.5,53.95,53.04,47.18,47.7,47.4,0.04,4.21,2.59
7/21/2022,29.95,30.87,46.66,52.88,52.32,47.46,46.04,46.84,0.04,3.5,2.67
7/22/2022,29.95,33.12,45.16,52.45,52.6,46.22,47.1,47.89,2.49,3.49,2.79
7/23/2022,29.45,32.58,45.77,52.44,51.98,47.29,45.83,46.74,1.4,3.67,2.85
7/24/2022,29.45,31.05,45.62,53.95,53.52,47.09,46.32,47.25,4.01,4.18,2.71
7/25/2022,29.45,31.5,46.07,52.44,51.49,47.38,45.37,46.24,1.5,3.81,2.91
7/26/2022,29.45,32.55,45.11,54.78,53.68,47.22,45.85,46.75,0.71,4.2,2.77
7/27/2022,29.45,33.05,44.83,53.88,53.01,47.74,45.77,47.76,1.72,4.19,2.72
7/28/2022,29.45,30.26,45.16,53.95,53.07,46.62,45.78,47.09,0.06,4.19,2.67
7/29/2022,28.95,29.76,45.35,54.54,53.93,46.21,45.5,46.74,1.84,3.99,2.7
7/30/2022,29.45,32.26,45.93,53.91,53.21,45.41,46.47,47.13,1.07,3.45,2.6
7/31/2022,29.45,31.05,45.76,52.95,52.64,45.97,46.47,47.15,0.87,3.58,2.61
8/1/2022,29.95,31.13,46.38,53.28,53.15,47.81,45.76,46.92,0.67,3.92,2.81
8/2/2022,28.78,30.55,46.61,54.45,53.33,45.67,45.28,46.35,1.11,4.19,2.74
8/3/2022,28.45,29.24,41.37,44.92,45.02,42.18,38.92,40.13,0.23,3.8,2.62
8/4/2022,28.45,29.55,41.54,34.21,35.91,40.56,39.85,40.96,0.18,0.08,2.64
8/5/2022,28.95,29.65,41.54,33.6,36.03,39.58,33.52,33.87,0.05,0.08,0.16
8/6/2022,28.45,31.05,41.04,33.12,35.54,39.24,32.03,32.13,0.2,0.08,0.16
8/7/2022,28.95,29.05,41.55,33.46,36,40.25,32.44,32.65,0.09,0.08,0.16
8/8/2022,29.6,32.23,42.05,34.58,35.38,40.85,34.05,34.49,0.08,0.08,0.16
8/9/2022,29.45,31.47,42.22,33.94,36.13,40.25,33.24,32.97,0.04,0.08,0.16
8/10/2022,29.95,30.97,43.61,41.93,43.92,41.75,40.21,41.12,0.05,2.45,1.91
8/11/2022,29.45,30.65,43.45,37.92,40.92,41.41,39.79,39.93,0.2,2.65,2.69
8/12/2022,29.45,31.44,49.06,49.19,49.82,48.21,48.1,49,0.6,2.41,2.54
8/13/2022,29.95,31.42,48.73,50.46,50.15,48.41,46.23,46.5,0.32,3.75,2.71
8/14/2022,29.45,32.78,47.13,51.45,51.63,47.27,46.7,46.75,1.31,3.66,2.6
8/15/2022,29.95,31.42,46.58,51.56,51.34,45.68,47.16,47.43,0.53,3.55,2.69
8/16/2022,28.94,32.13,46.17,49.1,49.96,43.49,45.92,46.16,0.41,2.29,3.17
8/17/2022,29.95,32.55,46.74,51.81,51.3,49.52,47.17,47.32,0.46,3.02,2.9
8/18/2022,28.44,32.38,45.44,49.44,50.1,44.61,45.92,45.88,0.1,2.65,2.56
8/19/2022,30.25,32.69,44.87,50.05,50.72,44.95,46.61,46.65,0.26,2.44,2.21
8/20/2022,29.45,32.55,44.7,49.88,50.29,50.44,46.87,47.36,0.41,3.06,2.84
8/21/2022,28.95,30.16,45.27,50.45,51.22,45,44.7,45.15,0.53,3.03,2.19
8/22/2022,29.45,30.05,46.42,49.95,50.55,46.73,45.35,45.2,0.23,2.46,2.1
8/23/2022,29.25,30.9,47.25,49.62,50.41,46.42,46.09,46.85,1.31,2.1,3.27
8/24/2022,29.45,31.31,46.3,51.2,51.86,47.43,46.52,47.56,0.79,3.22,3.37
8/25/2022,29.45,30.05,45.43,52.25,52.33,45.85,45.62,45.49,1.11,3.49,2.61
8/26/2022,28.78,29.75,46.41,50.87,51.53,46.31,45.52,45.14,0.15,3.05,2.48
8/27/2022,29.45,30.27,45.97,52.29,52.57,44.25,45.36,45.83,1.07,3.33,2.63
8/28/2022,28.45,29.55,46.59,52.65,52.56,44.25,45.05,45.75,1.4,4.11,3.2
8/29/2022,28.95,29.55,46.13,53.29,52.39,45.34,46.89,47.87,0.64,4.62,3.82
8/30/2022,29.45,29.31,47.68,55.15,54.15,44.28,46.6,46.75,1.4,4.34,3.27
8/31/2022,29.79,31.38,45.59,49.69,50.62,44.76,44.27,44.68,0.46,3.33,3.8
9/1/2022,28.95,32.11,45.31,44.94,45.21,44.63,41.27,41.23,1.78,3.42,3.26
9/2/2022,28.12,28.95,44.94,52.44,51.76,44.29,45.89,47.21,1.84,2.65,3.22
9/3/2022,28.95,30.32,44.64,54.05,53.45,42.68,48.09,49.84,1.4,4.26,3.28
9/4/2022,28.95,29.04,44.48,53.45,52.24,42.83,46.98,48.55,0.06,4.4,2.53
9/5/2022,28.45,28.55,45.42,52.65,52.02,46.23,46.49,47.18,0.04,3.49,3.44
9/6/2022,30.25,31.97,46.16,55.96,54.59,45.3,47.12,47.78,1.11,4.49,3.44
9/7/2022,28.44,29.67,45.33,54.78,54.2,43.94,46.61,47.37,0.87,4.49,3.61
9/8/2022,28.44,28.05,44.81,53.94,53.34,43.32,45.7,46.14,0.12,4.49,3.11
9/9/2022,28.95,31.25,47.41,54.73,54.61,43.55,46.45,46.65,0.04,4.18,2.6
9/10/2022,29.45,30.59,47.85,53.95,53.24,41.95,45.59,46.12,0.26,4.17,2.73
9/11/2022,28.45,27.04,47.25,50.95,50.77,43.17,44.99,45.57,0.43,3.88,3.11
9/12/2022,28.45,30.26,45.77,53.34,52.85,42.97,46.47,45.91,0.04,3.52,2.59
9/13/2022,29.62,31.85,45.9,52.56,52.23,43.42,46.32,46.22,0.46,3.53,2.58
9/14/2022,28.95,31.22,44.9,51.55,51.04,43.43,45.93,46.17,0.74,3.49,2.86
9/15/2022,28.45,30.82,45.7,50.45,49.54,42.12,49.43,48.07,0.25,3.55,2.41
9/16/2022,28.95,31.7,44.99,51,50.78,45.66,48.07,47.81,0.9,3.34,2.69
9/17/2022,28.95,31.6,45.45,54.46,54.13,42.68,47.57,47.55,0.16,3.65,2.74
9/18/2022,28.45,29.55,43.94,53.12,52.71,43.76,47.64,47.49,0.17,3.56,2.71
9/19/2022,29.78,31.12,45.14,54.45,53.51,44.66,49.02,48.25,0.09,4.06,2.57
9/20/2022,29.45,31.14,50.56,53.58,52.08,43.46,48.05,47.85,0.46,4.14,2.07
9/21/2022,28.78,31.76,47.93,42.67,43.41,42.01,41.69,41.28,1.72,3.14,1.37
9/22/2022,28.25,29.12,45.45,48.96,48.87,42.43,47.95,46.72,0.11,3.27,2.02
9/23/2022,27.95,29.07,43.96,53.47,52.44,39.55,42.74,41.74,1.45,3.21,1.67
9/24/2022,28.78,30.26,44.78,51.36,51.48,43.86,46.06,44.66,0.9,3.13,2.25
9/25/2022,29.78,30.56,46.07,55.16,54.44,46.28,48.86,47.97,0.74,3.31,1.88
9/26/2022,29.95,30.71,49.3,52.44,52.44,51.29,49.31,48.11,0.26,3.45,2.12
9/27/2022,29.25,30.38,46.43,52.55,51.99,46.52,46.98,45.78,0.93,3.82,0.86
9/28/2022,29.78,30.75,46.17,53.27,52.95,45.36,46.26,45.18,0.51,3.44,0.66
9/29/2022,29.45,31.17,46.28,54.96,53.59,41.18,43.72,42.88,0.31,2.79,0.55
9/30/2022,29.45,31.26,45.48,54.95,53.81,45.67,42.67,42.22,0.84,4.44,0
10/1/2022,28.78,29.67,46.41,52.61,51.84,45.25,47.74,46.42,1.03,3.8,0
10/2/2022,29.78,30.75,46.03,52.73,52.12,47.25,48.2,46.85,0.11,4.1,0
10/3/2022,28.78,29.67,46.49,52.95,51.72,46.45,47.48,46.65,0.25,3.42,0
10/4/2022,28.45,31.3,47.99,51.95,51.12,45.06,46.85,46.12,1.9,3.45,0
10/5/2022,27.95,28.68,45.43,53.46,52.93,43.4,47.01,47.09,2.58,4.24,0
10/6/2022,28.45,29.05,46.47,52.95,51.63,46.81,49.16,49.15,0.79,3.71,0
10/7/2022,27.78,28.55,45.22,51.62,51.29,47.41,46.48,46.35,1.66,3.61,0
10/8/2022,27.45,28.71,44.92,51.95,52.16,49.37,48.33,47.38,0.62,3.52,0
10/9/2022,27.45,27.82,43.09,43.87,46.03,47.12,41.74,41.58,0.79,3.36,0
10/10/2022,28.59,29.88,44.97,50.96,52.32,47.71,48.28,47.92,0.22,2.96,0
10/11/2022,29.05,31.08,46.58,53.21,54.1,48.96,49.63,48.78,0.67,3.57,0
10/12/2022,29.45,29.55,48.91,54,53.78,48.68,50.05,49.75,0.22,3.79,0
10/13/2022,28.78,29.87,46.04,52.34,53.56,46.75,49.39,49.83,1.4,3.48,0
10/14/2022,27.95,28.38,44.76,54.45,54.32,48.12,48.92,48.8,0.64,4.34,0
10/15/2022,28.45,28.55,45.01,53.95,53.18,44.96,48.7,48.38,0.87,4.17,0
10/16/2022,28.45,28.55,44.76,54.62,54.69,44.37,51.28,51.2,1.45,2.45,0
10/17/2022,29.78,30.39,45.36,54.28,54.56,48.63,51.09,51.23,0.19,2.19,0
10/18/2022,29.95,30.41,47.39,55.7,57.03,48.7,50.85,50.2,0.79,4.22,0
10/19/2022,29.95,31.55,47.86,54.44,54.63,48.94,50.79,50.41,0.71,3.95,0
10/20/2022,30.45,30.55,46.81,56.95,55.93,46.75,49.38,48.73,0.39,4.46,0
10/21/2022,28.94,30.79,45.68,56.25,57.18,39.9,39.55,39.12,3.06,4.48,0
10/22/2022,28.77,28.55,46.14,54.45,54.61,41.25,33.93,34.23,0.41,2.66,0
10/23/2022,29.44,29.56,46.25,54.45,55.21,43.75,33.43,33.73,0.08,4.53,0
10/24/2022,28.94,30.55,44.19,49.64,52.19,44.76,33.94,34.24,1.97,2.64,0
10/25/2022,28.77,29.16,45.85,52.96,54.67,44.76,33.44,33.74,1.45,4.51,0
10/26/2022,27.94,29.87,45.9,51.95,53.45,44.76,32.44,33.07,1.36,4.51,0
10/27/2022,27.94,28.24,44.89,52.78,53.56,45.76,32.44,32.74,1.55,4.51,0
10/28/2022,27.77,27.48,45.92,52.45,53.4,45.76,32.44,32.74,1.11,4.51,0
10/29/2022,28.44,28.76,46.54,53.59,54.06,44.76,33.44,34.08,1.66,4.51,0
10/30/2022,28.45,30.8,47.86,53.73,54.05,44.76,32.94,34.25,2.41,4.51,0
10/31/2022,27.95,28.55,45.85,52.95,53.28,44.76,32.94,33.25,0.84,4.51,0
11/1/2022,28.45,29.29,46.12,53.05,53.78,44.76,32.94,33.75,1.07,4.51,0
11/2/2022,28.45,30.55,46.87,53.95,55.53,44.76,34.45,34.25,0.34,4.51,0
11/3/2022,28.95,29.87,49.11,53.45,53.77,44.76,33.78,34.08,1.84,4.51,0
11/4/2022,27.45,28.05,46.69,52.79,53.08,44.76,32.95,33.25,1.72,4.51,0
11/5/2022,28.45,28.24,47.53,52.95,52.15,44.26,32.95,33.25,1.03,4.51,0
11/6/2022,28.95,30.26,47.76,53.6,53.93,45.76,33.45,33.75,1.5,4.51,0
11/7/2022,28.45,29.55,47.04,53.95,54.15,45.26,33.95,34.25,0.9,4.51,0
11/8/2022,28.45,30.6,46.85,53.25,53.08,44.76,33.45,34.08,1.27,4.51,0
11/9/2022,28.45,28.55,46.48,53.59,53.25,44.76,33.45,33.75,1.9,4.51,0
11/10/2022,27.95,29.05,46.43,52.88,53.59,45.26,33.45,33.75,4.91,4.51,0
11/11/2022,27.95,28.05,46.61,52.95,53.11,44.26,32.94,33.24,2.86,4.51,0
11/12/2022,28.45,29.56,47.64,53.6,53.61,44.76,33.45,33.75,1.78,4.51,0
11/13/2022,27.95,28.94,45.63,45.22,45.55,44.76,32.95,33.25,2.18,4.51,0
11/14/2022,27.95,28.55,50.26,51.47,53.14,44.76,32.95,33.25,6.44,4.51,0
11/15/2022,27.95,28.55,49.05,53.06,54.56,43.76,32.95,33.25,0.64,4.51,0
11/16/2022,28.95,30.04,49.77,54.45,55.57,44.76,33.45,33.75,1.9,4.51,0
11/17/2022,28.95,29.75,50.45,53.45,55.13,44.76,32.95,33.25,0.84,4.51,0
11/18/2022,29.45,30.05,48.82,54.45,55.53,44.26,32.95,33.25,0.9,4.51,0
11/19/2022,28.78,29.55,47.78,54.25,55.8,43.76,32.78,33.08,2.04,4.51,0
11/20/2022,28.95,29.75,49.02,54.59,54.96,43.76,32.44,32.75,0.36,4.51,0
11/21/2022,28.95,29.55,49.15,54.25,54.22,44.76,32.95,33.25,0.23,4.51,0
11/22/2022,28.45,29.23,49.96,52.94,53.15,44.76,32.45,33.08,0.97,4.51,0
11/23/2022,28.45,27.32,48.22,52.78,53.21,43.76,31.44,32.75,1.5,4.51,0
11/24/2022,27.95,28.6,47.87,53.78,53.92,44.76,32.44,32.25,0.74,4.51,0
11/25/2022,28.45,30.08,46.8,53.95,53.88,45.77,32.44,32.75,0.74,4.51,0
11/26/2022,28.45,29.3,49.06,53.95,54.43,45.77,33.45,33.75,1.36,4.51,0
11/27/2022,27.45,28.82,47.63,53.25,53.14,44.26,32.45,32.75,0.74,4.51,0
11/28/2022,28.78,29.33,49.21,54.12,54.67,44.76,33.05,33.35,1.78,4.51,0
11/29/2022,28.62,29.91,48.86,53.95,54.35,43.76,32.45,33.08,0.69,4.51,0
11/30/2022,28.45,28.76,48.25,53.74,53.9,43.76,31.95,32.25,1.78,4.51,0
12/1/2022,27.78,28.61,47.12,51.95,52.71,43.76,31.45,32.08,0.76,4.51,0
12/2/2022,28.45,28.24,46.37,52.45,53.74,42.75,30.95,31.75,4.14,4.51,0
12/3/2022,27.78,28.32,45.84,52.25,53.21,43.75,30.45,30.75,1.97,4.51,0
12/4/2022,26.95,27.55,45.45,52.05,52.95,44.75,31.45,31.75,0.87,4.51,0
12/5/2022,26.95,28.05,47.11,51.95,53.12,45.76,32.45,32.75,1,4.51,0
12/6/2022,27.96,28.94,50.05,53.45,54.39,46.76,32.45,33.35,3.27,4.51,0
12/7/2022,27.96,29.46,47.49,53.45,54.76,46.76,32.95,33.75,1.9,4.51,0
12/8/2022,27.96,29.25,48.21,52.95,54.78,46.76,32.95,33.25,5.25,4.51,0
12/9/2022,27.46,26.34,46.4,51.44,53.27,46.76,32.45,32.75,2.04,4.51,0
12/10/2022,27.46,26.55,46.56,52.44,53.25,45.76,31.95,32.75,1.97,4.51,0
12/11/2022,27.46,26.55,46.99,51.94,54.25,45.76,32.45,32.75,1.97,4.51,0
12/12/2022,27.46,28.92,48.26,51.94,53.19,39.74,31.45,31.25,2.58,4.51,0
12/13/2022,27.18,27.75,43.31,47.59,50.83,33.22,30.45,30.18,1.61,2.58,0
12/14/2022,27.47,28.85,46.1,53.78,56.01,31.72,33.83,32.04,2.25,4.61,0
12/15/2022,27.96,28.65,46.93,53.76,55.05,30.72,30.81,31.11,0.53,2.6,0
12/16/2022,27.95,28.47,47.84,54.01,55.7,30.72,30.95,31.75,1.31,2.58,0
12/17/2022,27.95,28.85,48.04,54.81,56.29,30.72,31.2,32.05,3.5,2.72,0
12/18/2022,26.44,25.64,46.17,52.74,54.18,30.72,29.95,30.24,5.08,2.74,0
12/19/2022,26.44,25.65,44.35,52.75,54.69,30.72,28.45,28.74,1.11,4.64,0
12/20/2022,25.94,27.35,42.66,45.81,48.12,40.07,33.8,35.28,0.97,3.17,0
12/21/2022,27.45,27.65,50.89,55.17,56.56,41.75,35.91,37.01,2.11,3.94,0
12/22/2022,27.95,29.05,49.07,51.25,55.01,46.33,42.24,45.52,1.9,3.2,0
12/23/2022,27.95,27.96,47.64,54.54,56.24,41.95,37.3,38.72,0.13,4.18,3.01
12/24/2022,28.59,27.81,48.33,55.55,57.23,43.65,40.34,42.08,0.17,4.5,3.36
12/25/2022,27.95,27.78,48.35,54.75,56.99,44.98,40.23,41.04,0.06,2.76,3.17
12/26/2022,27.95,27.98,47.75,54.75,56.74,41.62,38.03,38.63,0.06,3.86,3.22
12/27/2022,27.95,28.3,48.53,54.5,56.66,44.88,41.05,41.69,0.07,4.35,0
12/28/2022,28.95,28.47,50.49,54.34,56.52,46.33,42.23,43.05,0.04,4.23,0
12/29/2022,27.95,28.15,49.77,52.58,55.39,45.25,40.85,41.54,0.04,3.99,0
12/30/2022,28.95,28.42,49.27,52.75,55.17,44.38,40.62,41.86,0.04,4.14,0
12/31/2022,27.77,27.35,49.12,51.25,54.15,44.85,38.93,40.48,0,4.11,0
1/1/2023,28.05,27.27,48.02,50.24,53.13,43.06,37.51,37.77,0,3.91,2.27
1/2/2023,28.45,28.15,48.93,51.76,54.78,43.98,40.32,41.75,0.04,3.45,2.59
1/3/2023,28.45,28.88,50.03,50.81,54.47,45.05,40.02,41.11,0.56,3.58,2.66
1/4/2023,28.45,28.65,50.85,50.97,54.32,44.42,39.6,40.95,1.5,3.56,2.92
1/5/2023,27.95,28.3,48.98,51.25,54.6,45.05,40.26,41.36,0.04,3.49,2.63
1/6/2023,27.85,27.92,52.09,50,53.77,46.06,39.99,40.93,1,3.44,2.68
1/7/2023,28.95,27.65,50.68,48.97,54,46.45,41.62,41.52,1,3.55,2.64
1/8/2023,30.45,27.15,54.57,49.65,54.47,47.35,42.49,42.86,1.14,3.53,2.7
1/9/2023,31.05,29.43,53.5,50.25,55.29,48.26,42.93,43.08,0.47,3.75,2.7
1/10/2023,31.45,28.91,52.37,49.63,54.69,47.29,43.4,43.27,1.55,3.28,2.54
1/11/2023,30.45,29.25,52.22,46.58,50.88,45.4,43.54,43.28,0.84,1.41,2.37
1/12/2023,30.78,29.26,49.13,47.39,52.26,45.99,44.22,43.47,1.27,2.09,3.92
1/13/2023,26.41,29.41,52.91,50.47,54.57,46.66,44.79,44.3,0.74,2.59,0
1/14/2023,29.03,28.93,43.85,42.92,43.31,41.96,42.84,43.2,0.53,0,0
1/15/2023,29.28,29.82,42.52,36.66,37.36,40.88,36.74,37.54,1.18,0,0
1/16/2023,29.27,29.77,40.23,35.65,36.35,38.57,34.73,35.53,0.12,0,0
1/17/2023,27.61,27.07,34.34,35.35,37.12,33.85,32.73,33.25,0,0,0
1/18/2023,29.75,33.57,33.52,37.66,39.36,32.84,33.24,34.54,0.15,0,0
1/19/2023,28.86,28.55,33.52,35.23,37.25,44.85,43.45,43.55,0.09,0,0
1/20/2023,29.86,29.05,33.52,35.32,36,45.35,42.64,42.83,1.14,0,0
1/21/2023,29.19,28.05,33.52,34.48,34.71,45.4,42.12,42.65,0.82,0,0
1/22/2023,29.36,27.04,33.52,33.65,34.68,45.02,41.94,42.11,0.29,0,0
1/23/2023,30.19,28.67,33.52,35.15,35.85,44.85,42.13,42.65,0.74,0,0
1/24/2023,29.35,28.04,33.52,34.65,35.35,44.35,42.56,43.17,0.53,0,0
1/25/2023,29.18,27.45,33.52,34.65,35.35,44.86,42.11,42.06,0.32,0,0
1/26/2023,30.18,29.25,33.52,35.65,36.35,44.87,42.86,42.99,0.93,0,0
1/27/2023,29.17,28.87,33.52,35.15,35.85,45.19,42.66,43.55,2.11,0,0
1/28/2023,29.84,28.55,33.52,35.15,35.85,45.28,42.81,43.23,0.87,0,0
1/29/2023,29.84,29.25,33.52,35.15,35.85,45.46,43.31,44.21,0.74,0,0
1/30/2023,28.34,28.55,33.52,34.15,34.85,41.59,40.41,41.03,0.64,0,0
1/31/2023,27.34,29.05,33.53,32.31,33.01,43.86,38.69,38.79,0.17,0,0
2/1/2023,29.18,28.84,33.53,33.64,34.34,45.85,42.04,42.39,0.84,0,0
2/2/2023,29.35,28.55,34.53,35.15,35.85,45.49,42.94,43.57,1.03,0,0
2/3/2023,29.35,27.82,37.04,35.94,36.63,45.35,42.39,42.57,1.5,0,0
2/4/2023,30.65,29.49,40.56,36.15,36.85,45.48,44.84,46.08,0.27,0,2.62
2/5/2023,30.35,30.1,41.06,36.15,36.85,47.25,44.85,45.23,1.18,0,4.68
2/6/2023,28.84,27.55,41.06,35.65,36.35,46.75,42.95,43.04,4.29,0,4.68
2/7/2023,30.18,29.48,42.57,36.65,37.35,47.25,43.45,44.39,0.87,0,4.68
2/8/2023,30.85,30.18,39.55,36.65,37.35,47.75,43.78,44.65,0.53,0,4.68
2/9/2023,29.85,28.79,41.69,39.16,39.86,44.27,42.26,43.04,0.2,0,1.62
2/10/2023,30.86,30.87,53.07,46.93,47.42,51.78,43.37,43.55,0.87,0,2.73
2/11/2023,30.65,30.89,51.32,48.22,48.2,43.93,42.62,42.83,1,0,2.25
2/12/2023,30.35,30.87,51.33,49.15,48.78,42.75,39.67,40.41,1.55,0,1.31
2/13/2023,29.85,30.05,49.58,48.15,48.09,41.74,36.85,37.53,0.47,0,-0.03
2/14/2023,29.85,30.87,49.35,47.79,47.98,42.75,36.85,38.04,0.14,0,-0.03
2/15/2023,29.65,28.82,49.64,47.15,47.3,42.75,36.35,37.04,0.18,0,-0.03
2/16/2023,29.99,30.04,53.36,48.21,48.61,48.32,44.97,44.56,0,0,2.46
2/17/2023,30.45,31.36,53.05,48.45,48.71,46.49,45.23,45.05,1.18,0,1.88
2/18/2023,30.85,29.87,54.22,47.26,47.8,49.65,47.05,46.55,1.66,0,2.26
2/19/2023,30.85,29.55,52.3,45.93,46.65,51.02,46.64,46.44,1.97,0,2.89
2/20/2023,32.18,31.05,53.5,47.8,48.41,48.75,48.62,49.43,0.24,0,3.22
2/21/2023,30.85,30.55,48.6,44.71,45.53,47.37,44.75,44.66,1.45,0,3.24
2/22/2023,30.85,29.87,49.81,44.78,45.19,48.28,46.22,46.15,0.53,0,3.15
2/23/2023,29.84,26.54,51.37,43.64,43.7,45.74,47.55,48.06,0.41,0,4.54
2/24/2023,29.84,26.54,51.37,43.64,43.7,45.74,47.55,48.06,0.06,0,4.54
2/25/2023,29.84,26.54,51.37,43.64,43.7,45.74,47.55,48.06,0.14,0,4.54
2/26/2023,29.84,26.54,51.37,43.64,43.7,45.74,47.55,48.06,0.04,0,4.54
2/27/2023,29.84,26.54,51.37,43.64,43.7,45.74,47.55,48.06,0.09,0,4.54
2/28/2023,29.84,26.54,51.37,43.64,43.7,45.74,47.55,48.06,1.66,0,4.54
3/1/2023,29.84,25.13,53.48,45.65,45.53,49.75,47.94,48.05,1.11,0,4.54
3/2/2023,30.87,29.02,53.64,45.87,46.91,51.96,48.42,48.05,0.56,0,4.54
3/3/2023,30.35,29.65,52.6,46.15,46.74,51.75,47.19,46.76,1.11,0,4.54
3/4/2023,31.35,30.11,54.38,48.15,49.15,52.71,48.96,49.34,0.04,0,4.54
3/5/2023,31.35,30.33,52.09,47.11,48.57,52.88,47.83,47.59,0.04,0,4.54
3/6/2023,31.85,29.85,51.04,46.64,47.11,51.9,47.56,47.51,0,0,4.54
3/7/2023,31.35,31.11,51.7,47.09,47.54,52.86,48.73,48.04,0.04,0,4.54
3/8/2023,31.35,31.15,53.13,47.32,47.96,52.22,48.02,48.22,0.11,0,4.54
3/9/2023,31.35,31.93,50.98,47.08,47.36,53.71,47.71,47.63,1.9,0,4.54
3/10/2023,30.85,30.49,50.88,47.48,47.74,52.73,48.34,48.32,0.84,0,4.54
3/11/2023,31.35,31.75,53.74,48.08,48.56,51.45,48.88,48.79,2.49,0,4.54
3/12/2023,31.35,32.27,50.03,47.05,47.92,52.77,47.96,48.01,0.24,0,4.54
3/13/2023,31.78,31.15,52.99,49.43,49.7,54.2,49.16,48.64,0.04,0,4.54
3/14/2023,30.85,29.24,44.63,43.94,44.31,45.63,45.03,44.24,0,0,4.54
3/15/2023,31.95,31.51,51.3,47.15,48.24,50.45,48.52,48.14,0.04,0,4.54
3/16/2023,31.78,30.96,48.14,45.39,46.3,50.37,47.03,47.66,0.12,0,4.54
3/17/2023,31.95,31.63,50.85,44.79,45.35,51.18,46.44,45.9,0.04,0,4.54
3/18/2023,31.85,32.5,52.46,48.15,49.08,56.68,49.08,49.06,0.32,0,4.54
3/19/2023,32.35,32.63,54.5,50.32,50.24,53.94,50.9,49.7,0.4,0,4.54
3/20/2023,32.35,31.83,53.06,48.87,48.99,53.21,50.2,50.18,2.11,0,4.54
3/21/2023,31.35,29.94,52.11,47.15,47.52,53.01,48.38,48.18,3.06,0,4.54
3/22/2023,31.35,31.78,52.57,47.32,47.83,50,48.09,48.05,0.97,0,4.54
3/23/2023,32.68,30.98,52.76,49.45,49.54,53.39,51.19,51.4,1.61,0,4.54
3/24/2023,31.85,32.67,50.64,48.65,48.77,53.41,49.46,49.33,0.93,0,4.54
3/25/2023,31.78,32.06,52.08,47.35,48.05,53.34,48.93,48.43,0.76,0,4.54
3/26/2023,31.35,32.11,52.31,47.1,47.71,52.35,48.59,48.93,1.27,0,4.54
3/27/2023,31.85,31.15,52.63,47.65,48.13,52.45,49.04,48.75,2.33,0,4.54
3/28/2023,31.85,31.71,50.78,47.48,48.01,52.2,49.11,48.84,0.82,0,4.54
3/29/2023,31.85,31.67,50.57,47.53,48.1,53.46,48.84,48.47,1.22,0,4.54
3/30/2023,31.35,32.08,50.68,47.75,48.29,53.31,48.81,48.44,0.11,0,4.54
3/31/2023,31.95,32.55,52.01,49.21,49.96,53.75,49.52,49.4,0.11,0,4.54
4/1/2023,32.35,33.49,51.95,47.65,48.83,51.33,49.74,49.93,0.35,0,4.54
4/2/2023,31.95,31.8,50.98,47.65,47.94,51.06,48.81,48.05,1.72,0,4.54
4/3/2023,31.78,29.14,51.2,48.65,48.35,51.28,50.52,49.89,0.74,0,4.54
4/4/2023,32.36,32.12,49.57,46.77,47.49,51.19,48.3,48.04,0.54,0,4.54
4/5/2023,31.36,30.73,51.06,47.08,47.85,52.22,47.6,47.12,1.61,0,4.54
4/6/2023,32.36,31.19,51.51,48.54,49.27,52.81,49.24,48.56,0.74,0,4.54
4/7/2023,32.36,33.35,52.06,49.08,50,52.35,50.78,50.55,1.11,0,4.54
4/8/2023,32.16,30.75,51.61,48.14,48.55,53.28,49.56,49.04,0.67,0,4.54
4/9/2023,32.5,31.83,52.25,48.15,48.54,53.81,49.79,49.04,0.43,0,4.54
4/10/2023,32.35,32.24,51.87,48.15,49.04,53.94,49.59,49,0.12,0,4.54
4/11/2023,32.35,32.07,53.7,49.25,50.13,53.55,50.05,49.62,0.07,0,4.54
4/12/2023,32.85,32.15,52.26,49.15,49.55,53.59,50.93,50.41,0.38,0,4.54
4/13/2023,32.35,33.06,53.49,49.14,49.05,51.82,50.43,49.94,0.43,0,4.54
4/14/2023,33.68,33.87,53.02,50.15,50.7,53.27,51.66,50.95,0.35,0,4.54
4/15/2023,33.85,33.15,54.92,50.16,51.06,52.9,51.6,51.62,0.23,0,4.54
4/16/2023,33.85,32.8,53.85,49.93,50.41,49.5,50.96,50.36,0.33,0,4.54
4/17/2023,33.85,32.52,54.04,49.25,49.6,51.11,50.88,49.87,0.28,0,4.54
4/18/2023,32.85,32.65,55.76,48.82,49.49,52.55,50.55,49.85,3.27,0,4.54
4/19/2023,32.85,31.81,54.64,48.65,49.8,51.66,51.03,50.39,1.4,0,4.54
4/20/2023,33.34,31.14,52.34,48.65,49.21,51.14,50.01,49.42,0.84,0,4.54
4/21/2023,32.34,31.96,54.17,49.08,49.69,51.99,50.75,50.08,0.74,0,4.54
4/22/2023,32.92,32.91,51.91,49.91,50.49,52.2,50.09,49.72,2.86,0,4.54
4/23/2023,33.15,33.22,52.67,49.11,49.98,53.56,51.62,50.34,2.41,0,4.54
4/24/2023,33.35,32.49,53.57,48.9,49.34,53.21,51.33,50.8,1.03,0,4.54
4/25/2023,32.95,32.15,54.79,48.49,49.37,52.55,51.05,50.58,0.6,0,4.54
4/26/2023,33.35,32.86,52.39,50.15,51,53.76,52.61,51.97,1.45,0,4.54
4/27/2023,32.85,32.45,54.61,49.95,50.51,53.8,52.1,50.79,2.04,0,4.54
4/28/2023,33.35,31.56,54.76,50.08,50.61,50.81,47.82,47.65,2.41,0,2.21
4/29/2023,33.34,32.15,52.56,48.15,48.44,52.71,51.16,50.93,1.36,0,3.13
4/30/2023,32.77,32.95,55.85,49.66,50.36,53.39,51.83,51.54,0.84,0,2.77
5/1/2023,33.68,33.34,53.97,49.65,50.09,53.21,52.3,51.32,0.97,0,3.2
5/2/2023,33.35,33.94,54.11,51.15,51.05,54.19,51.95,51.79,3.27,0,2.98
5/3/2023,32.85,32.98,54.84,51.15,51.68,52.86,52.3,50.95,1.9,0,3.27
5/4/2023,33.35,34.09,55.85,51.98,52.34,53.78,52.06,51.86,2.25,0,2.81
5/5/2023,32.35,33.94,53.6,47.74,48.07,50.5,46.61,46.37,1.4,0,2.6
5/6/2023,32.68,33.42,55.95,50.66,51.69,54.66,51.67,50.96,1.31,0,2.7
5/7/2023,32.85,31.26,54.59,50.4,50.64,51.96,50.79,50.95,0.87,0,2.71
5/8/2023,32.35,31.46,52.72,49.19,49.7,52.25,51.3,50.74,0.21,0,3.7
5/9/2023,33.68,32.95,54.48,50.79,51.23,53.05,53.37,52.3,0.09,0,3.44
5/10/2023,33.35,33.65,55.17,49.51,50.38,50.18,50.56,50.36,0.12,0,2.42
5/11/2023,34.03,34.63,55.32,51.65,52.14,50.99,47.04,46.8,0.07,0,0
5/12/2023,33.92,35.34,53.3,50.38,50.77,53.06,52.92,52.12,0.6,0,0
5/13/2023,33.94,34.74,54.09,50.41,50.67,52.64,53.26,52.7,0.25,0,2.59
5/14/2023,33.28,34.05,53.54,49.2,50.26,53.9,51.92,51.15,0.54,0,3.33
5/15/2023,32.95,33.4,51.49,49.83,50.2,52.64,50.37,49.69,1.4,0,3.22
5/16/2023,33.45,33.77,53.07,49.92,50.86,53.31,51.86,50.47,1.45,0,3.27
5/17/2023,32.44,32.18,48.01,45.64,46.6,49.78,47.77,47.47,0.49,0,3.02
5/18/2023,32.95,32.05,53.31,48.66,49.36,53.54,51,50.25,2.11,0,2.2
5/19/2023,32.38,30.14,52.05,48.99,49.7,52.17,50.77,50.64,2.04,0,2.93
5/20/2023,33.28,32.26,52.01,48.15,48.98,52.6,51.08,50.93,1.27,0,2.63
5/21/2023,32.45,30.38,52.3,48.65,49.68,54.4,50.79,49.66,0.43,0,2.64
5/22/2023,32.28,31.72,52.33,47.65,48.74,52.49,49.29,48.61,0.71,0,2.01
5/23/2023,32.45,33.42,53.09,48.26,48.94,52.91,50.43,49.05,0.11,0,1.81
5/24/2023,31.94,33.77,54.37,49.21,50.43,51.75,50.91,50.19,0.3,0,1.81
5/25/2023,31.95,34.24,53.32,49.07,49.9,51.49,50.16,49.49,0.54,0,1.72
5/26/2023,32.95,31.73,52.11,49.65,49.85,50.46,51.21,50.72,1.31,0,3.2
5/27/2023,32.95,31.55,51.94,49.25,50.4,52.43,51.89,51.51,0.14,0,2.87
5/28/2023,32.95,33.6,51.38,48.65,49.35,52.94,50.98,50.55,0.35,0,2.72
5/29/2023,32.68,31.83,51.61,49.99,49.7,52.25,49.45,48.79,0.33,0,2.26
5/30/2023,32.83,35.03,51.23,49.21,49.96,52.42,51.04,50.62,0.2,0,2.08
5/31/2023,32.84,34.19,52.26,48.15,49.17,53.1,50.41,49.95,0.27,0,2.08
6/1/2023,32.35,34.24,50.5,48.65,49.59,53.95,50.44,49.94,0.43,0,2.08
6/2/2023,32.65,34.13,53.52,49.65,50.33,52.99,51.21,50.31,1,0,2.08
6/3/2023,32.85,32.54,52.17,49.55,50.29,53.06,51.76,51.35,1.84,0,2.08
6/4/2023,32.85,31.65,54.06,49.51,50.26,52.6,50.69,50.46,0.67,0,2.08
6/5/2023,33.28,33.12,52.81,50.25,50.36,54.36,52.71,52.4,0.35,0,2.08
6/6/2023,32.35,33.26,50.8,47.87,49.54,52.68,50.35,49.59,1.55,0,2.08
6/7/2023,32.84,33.25,52.28,49.15,50.03,54.28,50.23,49.95,0.6,0,2.08
6/8/2023,32.84,34.92,51.63,49.05,49.83,52.86,51.12,50.36,0.04,0,2.08
6/9/2023,32.84,34.95,51.53,50.58,51.25,54.16,51.12,50.95,0.4,0,2.08
6/10/2023,32.84,34.79,52.38,50.2,50.14,52.84,51.5,51.06,0.58,0,2.08
6/11/2023,32.84,33.95,53.05,49.65,50.27,53.11,51.94,51.5,0.46,0,2.08
6/12/2023,32.34,31.95,51.31,48.55,49.36,54.11,50.53,49.53,0.6,0,2.08
6/13/2023,32.45,33.61,53.06,48.57,49.28,49.19,46.02,46.15,0.27,0,2.08
6/14/2023,31.85,33.08,53.23,46.19,47.85,52.96,50.27,49.35,0.18,0,2.08
6/15/2023,32.35,34.24,49.27,45.59,46.38,52.07,49.1,48.85,0.26,0,2.08
6/16/2023,32.35,34.37,51.78,49.35,49.86,52.58,48.98,48.34,0,0,2.08
6/17/2023,32.35,33.25,52.93,48.84,49.6,54.3,50.49,49.35,0.87,0,2.08
6/18/2023,31.52,29.66,50.97,48.14,48.47,50.41,50.16,49.34,0.9,0,2.08
6/19/2023,32.45,34.95,48.8,44.13,46.04,53.12,49.94,49.49,0,0,2.08
6/20/2023,32.35,34.62,46.13,40.29,41.19,53.28,49.72,48.94,0,0,2.08
6/21/2023,32.25,33.75,51.65,46.85,47.76,50.38,49.04,48.8,0.87,0,2.08
6/22/2023,32.35,33.02,50.15,47.9,48.71,51.55,49.23,48.47,0.32,0,2.08
6/23/2023,32.15,32.95,53.08,51.19,51.7,49.76,49.44,50.52,1.18,0,2.08
6/24/2023,31.18,33.13,51.34,46.95,48.04,49.89,46.09,46.78,0.56,0,2.08
6/25/2023,32.35,34.95,53.8,50.16,51.57,52.99,51.43,52.22,1,0,2.97
6/26/2023,32.18,33.86,51.51,49.65,49.93,51.43,50.35,51.53,0.54,0,3.56
6/27/2023,32.85,33.71,52.39,50.15,50.82,52.27,50.59,52.41,1.5,0,3.05
6/28/2023,31.85,32.38,54.16,51.25,51.81,49.57,47.17,48.69,1.45,0,2.75
6/29/2023,32.52,34.01,60.64,50.73,51.5,53.51,51.21,50.76,1.31,0,2.69
6/30/2023,32.02,31.35,59.85,50.74,51.52,52.54,50.74,50.44,2.86,0,2.62
7/1/2023,32.85,30.09,58.24,53.32,53.89,49.86,53.04,52.63,0.58,0,2.64
7/2/2023,33.33,31.32,54.2,51.64,51.78,51.92,51.81,52.04,0.04,2.51,2.32
7/3/2023,34.62,33.78,60.38,55.18,55.9,53.46,52.28,51.94,0.27,4.46,0
7/4/2023,33.5,33.55,56.65,56.74,57.28,51.44,51.15,50.85,0.71,4.46,2.7
7/5/2023,32.83,33.37,58.7,56.36,56.98,51.19,51.02,50.52,0.38,4.46,2.57
7/6/2023,33.78,34.1,59.67,56.47,56.6,51.31,51.49,51.29,0.39,2.81,2.54
7/7/2023,33.25,35.44,58.48,54.75,55.23,52.24,50.9,50.22,0.3,3.68,2.61
7/8/2023,32.85,32.25,60.64,54.36,55.09,50.96,49.85,48.84,1.78,3.78,2.52
7/9/2023,33.45,31.75,58.6,56.08,56.61,53.2,51.68,51.11,0.71,4.28,3.24
7/10/2023,32.42,33.02,56.53,53.3,54.07,49.44,49.64,49.03,0.84,3.32,2.72
7/11/2023,32.45,30.95,55.84,52.28,53.12,51.75,50.15,49.6,0.39,4.06,2.87
7/12/2023,32.25,34.65,56.4,52.03,52.53,51.15,49.89,49.45,1.31,4.01,2.7
7/13/2023,31.58,32.05,57.45,51.4,52.18,50.89,49.83,49.09,2.11,3.88,2.58
7/14/2023,31.75,31.34,56.75,51.96,52.7,50.77,50.88,50.36,1.07,2.9,3.34
7/15/2023,31.75,32.77,57.42,49.85,50.28,52.36,50.29,50.18,0.14,3.44,3.83
7/16/2023,32.6,33.25,59.17,51.3,51.78,52.25,50.51,49.62,0.04,4.11,2.82
7/17/2023,32.26,31.45,59.85,51.15,51.95,53.89,50.2,49.53,0.04,3.62,2.62
7/18/2023,32.66,32.75,61.35,50.85,51.17,55.43,50.66,50.6,0.04,3.46,2.63
7/19/2023,32.06,28.49,58,51.3,51.32,52.54,50.1,50.09,1.11,3.79,3.01
7/20/2023,31.93,30.32,59.61,50.45,50.8,52.85,49.46,49.22,0.33,3.56,2.58
7/21/2023,32.26,31.92,59.47,49.9,50.66,53.73,49.3,49.06,0.11,3.41,2.6
7/22/2023,32.76,32.72,61.86,50.73,51.61,54.76,50.87,50.96,0.46,3.59,2.67
7/23/2023,32.82,32.25,58.89,50.46,51.29,53.82,51.93,51.56,0.15,2.73,2.65
7/24/2023,32.65,34.25,57.58,49.65,50.47,55.42,52.12,51.82,0.13,2.26,3.3
7/25/2023,33.68,33.52,59.24,50.9,51.79,55.13,52,51.98,0.18,1.03,3.94
7/26/2023,32.25,34.34,58.18,48.34,49.39,51.95,50.69,50.37,0.46,1.88,3.47
7/27/2023,32.85,33.51,58.31,49.51,51.02,54,51.46,50.86,0.29,1.34,3.51
7/28/2023,32.58,32.51,61.31,50.22,50.78,51.54,47.93,49.03,0.18,2.86,3.41
7/29/2023,32.25,33.25,60.89,48.64,49.49,53.75,51.04,51.55,0.3,1.96,3.84
7/30/2023,32.75,33.21,61.77,49.95,50.81,54.02,51.68,52.77,1.4,2.95,3.09
7/31/2023,32.25,29.61,58.68,52.5,52.89,52.85,50.59,50.88,0.6,2.8,3.11
8/1/2023,31.75,30.75,58.45,52.37,53.38,52.04,49.57,49.94,1,2.28,2.05
8/2/2023,32.25,31.45,57.96,53.08,54.11,52.03,50.52,50.95,0.11,1.51,3
8/3/2023,32.87,33.69,60.28,52.09,52.92,51.99,50.51,50.78,0.23,2.23,1.88
8/4/2023,32.76,34.32,59.49,51.28,51.94,51.85,51.18,51.84,0.79,3.04,2.77
8/5/2023,32.25,33.75,59.16,50.97,51.13,52.53,50.99,51.6,1.31,2.91,3.31
8/6/2023,32.08,33.32,57.93,50.95,51.73,51.11,49.93,49.7,1.18,3.81,2.74
8/7/2023,32.45,31.64,60.19,51.55,52.41,53.26,50.65,51.39,2.25,2.85,3.24
8/8/2023,31.81,32.21,60.56,51.25,52.57,50.12,49.64,51.42,1.27,3.85,2.69
8/9/2023,31.97,32.68,60.68,51.42,52.47,49.24,50.77,52.78,2.18,3.5,2.82
8/10/2023,31.25,30.59,57.69,48.94,50.34,48.27,47.42,50.64,1.66,3.09,2.89
8/11/2023,32.75,33.11,59.36,52.44,53.34,51.25,52.38,54.17,0.51,3.4,2.89
8/12/2023,32.97,33.75,57.77,52.15,53.45,51.19,51.71,54.72,0.67,3.06,3.02
8/13/2023,32.85,31.57,59.2,53.15,54.5,51.24,51.59,54.24,1.31,3.92,2.55
8/14/2023,31.92,27.94,56.25,51.87,53.39,49.94,51.15,52.88,2.86,4.39,3.2
8/15/2023,32.85,30.13,59.04,52.4,53.75,51.41,51.36,53.85,0.51,4.1,3.01
8/16/2023,32.51,31.66,56.7,50.91,52.62,52.57,50.34,53.09,2.04,3.54,3.61
8/17/2023,32.07,29.84,58.08,49.65,51.68,50.82,50.78,53.14,2.18,3.54,3.61
8/18/2023,32.07,30.85,59.48,50.74,52.82,52.17,50.84,53.31,0.47,3.54,3.61
8/19/2023,32.07,31.75,58.78,50.85,52.39,52.3,49.55,51.59,0.31,3.54,3.61
8/20/2023,32.27,30.69,59.71,51.4,52.86,53.82,50.38,53.31,0.39,3.54,3.61
8/21/2023,32.5,32.85,59.08,51.09,52.48,52.06,50.77,52.86,1.61,3.54,3.61
8/22/2023,32.31,31.65,59.42,51.56,53.14,52.97,50.44,52.38,0.6,3.54,3.61
8/23/2023,32.25,29.91,59.82,51.15,52.95,53.78,51.48,54.06,1.14,3.54,3.61
8/24/2023,32.05,28.84,57.96,50.71,51.94,53.39,50.15,54.26,1.27,3.54,3.61
8/25/2023,32.25,33.5,59.66,50.15,51.87,54.73,50.28,52.48,1.03,3.54,3.61
8/26/2023,31.55,32.94,56.98,51.04,52.45,51.2,49.5,51.95,3.62,3.54,3.61
8/27/2023,33.06,32.71,57.96,50.81,51.94,52.85,51.07,52.53,0.16,3.54,3.61
8/28/2023,32.55,34.47,60.05,51.02,52.79,54.25,51.42,53.5,1.11,3.54,3.61
8/29/2023,32.22,33.85,58.03,48.99,51.09,50.38,49.37,52.51,0.82,3.54,3.61
8/30/2023,32.77,31.09,58.2,53.6,54.66,54.75,51.2,54.15,0.54,3.54,3.61
8/31/2023,32.05,30.19,58.7,54.95,56.56,53.56,50.07,52.91,1.72,3.54,3.61
9/1/2023,32.06,30.86,57.02,53.13,55.29,52.43,50.86,53.15,6.89,1.7,3.61
9/2/2023,32.06,30.85,57.32,53.44,55.11,52.66,50.71,52.88,0.43,1.72,3.61
9/3/2023,32.06,32.69,57.68,53.16,54.8,53.55,51.8,53.16,0.33,1.72,3.61
9/4/2023,31.56,29.64,56.74,52.42,54.36,51.47,50.65,52.88,2.58,1.99,3.61
9/5/2023,31.55,31.27,57.69,51.75,53.51,50.71,49.61,51.46,3.62,2.52,3.61
9/6/2023,30.85,30.05,58.91,50.45,52.53,52.21,49.69,52.15,0.31,1.88,3.61
9/7/2023,31.85,30.5,55.64,49.97,52.01,50.71,50.56,52.88,0.56,1.6,3.61
9/8/2023,32.22,32.69,56.82,50.4,52.19,51.29,50.15,53.43,0.47,3.24,3.61
9/9/2023,31.83,30.15,57.4,51.66,52.69,50.67,49.34,50.76,1.61,3.42,3.61
9/10/2023,30.72,29.35,57.06,49.63,51.28,51.93,49.73,51.15,0.29,1.9,3.61
9/11/2023,31.62,32.28,56.58,49.6,51.44,52.44,49.76,51.83,0.54,2.04,3.61
9/12/2023,32.05,30.85,57.21,50.05,52.29,52.23,50.84,52.26,0.54,1.95,3.61
9/13/2023,32.85,31.75,58.26,51.09,52.88,52.78,51.56,53.76,0.32,2.46,3.61
9/14/2023,32.05,31.92,55.28,49.11,50.64,53.22,50.24,52.28,0.1,1.2,3.61
9/15/2023,31.38,29.95,56.59,48.61,50.08,52.52,49.13,51.24,0.24,2.95,3.61
9/16/2023,31.65,31.56,56.49,49.5,50.9,50.65,49.88,52.17,0.84,2.86,3.61
9/17/2023,31.55,31.65,58.47,50.57,52.43,51.04,50.98,53.93,1.36,2.91,3.61
9/18/2023,31.55,31.89,56.94,51.25,52.96,51.92,50.03,51.43,0.51,3.22,3.61
9/19/2023,32.55,31.99,58.06,50.44,51.86,51.57,50.87,65.15,3.62,1.9,3.61
9/20/2023,31.55,31.34,55.14,50.44,51.88,48.7,49.52,62.24,1.97,3.34,3.61
9/21/2023,31.05,29.54,49.53,51.86,166.78,47.27,49.07,62.76,3.74,2.93,3.61
9/22/2023,31.22,28.75,52.67,53.21,53.15,46.08,50.62,68.51,2.11,2.74,3.61
9/23/2023,31.34,29.55,55.08,52.75,53.75,47.01,51.52,71.62,2.04,4.47,3.61
9/24/2023,32.05,28.34,49.88,52.48,52.89,48.07,50.66,50.06,1.61,4.36,3.61
9/25/2023,31.8,27.62,49.71,52.63,52.84,47.18,51,50.26,1.72,4.47,3.61
9/26/2023,31.05,27.95,49.03,52.22,52.79,45.67,51.2,50.55,0.44,2.6,3.61
9/27/2023,32.39,30.07,52.4,54.61,55.01,50.31,53.45,52.41,0.47,2.95,3.61
9/28/2023,32.77,31.53,51.31,54.57,55.15,47.23,53.17,52.83,0.27,3.23,2.38
9/29/2023,32.3,30.67,48.21,51.21,51.7,46.42,49.78,49.68,2.76,3.35,2.42
9/30/2023,30.04,30.9,45.45,46,47.15,46.07,45.6,44.99,0.82,2.59,3.48
10/1/2023,32.85,30.73,53.61,51.65,52.4,50.82,50.17,49.25,0.44,3.57,2.65
10/2/2023,32.01,31.45,49.85,50.5,51.54,48.99,50.13,49.26,0.25,1.81,2.82
10/3/2023,32.12,31.06,53.1,52.86,53.31,50.83,51.03,49.85,0.64,0,0
10/4/2023,31.93,31.97,56.23,53.26,53.68,51.36,51.59,50.75,1.18,0,0
10/5/2023,32.78,32.61,55.01,52.57,53.53,48.95,51.81,50.53,0.79,0,0
10/6/2023,32.45,30.55,55.29,52.25,53.76,51.91,52.03,51.3,1.4,0,0
10/7/2023,32.38,30.05,53.88,52.25,53.31,54.6,52.04,51.15,1.31,0,0
10/8/2023,32.62,30.67,52.56,52.44,53.05,48.22,50.52,49.9,1.07,0,0
10/9/2023,32.45,30.84,50.77,53.42,54.3,52.6,52.12,50.79,1.4,0,0
10/10/2023,32.45,31.37,53.56,53.85,54.38,51.83,52.32,51.06,4.29,0,0
10/11/2023,33.15,30.79,51.26,54.48,54.98,49.19,52.92,52.01,3.16,0,2.15
10/12/2023,32.95,30.27,50.4,57.63,57.78,47.76,53.25,52.23,1.78,0,2.46
10/13/2023,33.45,31.47,50.92,57.67,58.03,47.25,53.51,52.78,1.61,0,4.59
10/14/2023,33.45,30.35,52.29,57.75,57.81,47.95,53.38,52.49,2.33,0,0
10/15/2023,33.45,30.26,50.33,57.26,57.67,47.47,53.56,52.87,2.76,0,0
10/16/2023,32.51,29.17,49.47,56.25,57.12,47.95,51.79,51.29,2.49,0,0
10/17/2023,31.94,28.05,48.98,55.25,55.87,45.75,51.57,51,2.76,0,0
10/18/2023,32.45,30.44,51.69,56.39,57.34,48.51,52.93,52.5,0.13,0,2.33
10/19/2023,32.44,30.15,50.94,55.62,56.36,48.19,52.32,51.22,1.97,0,2.54
10/20/2023,31.94,30.23,40.12,39.02,41.33,46.2,51.24,50.54,3.74,2.49,2.26
10/21/2023,30.96,29.14,48.11,50.84,51.8,47.13,50.78,49.68,3.74,2.85,2.31
10/22/2023,31.24,30.07,47.9,51.91,52.41,45.9,51.25,49.76,2.76,2.83,2.47
10/23/2023,33.2,30.24,52.21,54.01,54.78,49.08,53.19,52.14,1.27,3.78,2.55
10/24/2023,31.78,31.4,50.19,49.83,51.46,47.45,49.06,48.55,1.14,4.21,2.61
10/25/2023,29.28,30.65,39.31,40.81,48.86,36.82,38.62,38.61,1.9,0,0
10/26/2023,29.45,31.6,44.62,43.63,49.04,41.72,42.47,42.8,0.62,2.72,2.27
10/27/2023,31.2,29.28,51.13,51.67,62.74,46.25,51.56,51.32,1.78,2.84,2.85
10/28/2023,31.81,29.35,50.35,52.44,54.53,47.68,51.19,50.93,2.95,2.34,2.77
10/29/2023,31.46,30.77,50.64,51.98,53.69,47.45,51.73,51.66,0.79,2.37,2.31
10/30/2023,31.96,30.55,50.82,52.65,54.56,47.59,51.99,51.57,1.4,2.39,2.56
10/31/2023,32.46,32.3,49.35,52.59,54.35,46.92,52.1,53.21,2.86,4.37,2.03
11/1/2023,31.96,30.11,50.46,52.35,54.33,45.7,51.13,62.81,8.44,4.66,4.43
11/2/2023,31.96,30.38,51.2,52.52,54.5,48.22,51.45,74.31,2.86,4.66,4.43
11/3/2023,31.13,30.25,48.31,51.65,73.42,47.41,50.63,81.63,0.64,4.66,4.43
11/4/2023,32.78,31.01,52.79,53.4,55.15,50,53.34,66.86,2.18,4.66,4.43
11/5/2023,32.52,30.46,51.72,52.4,54.3,48.85,50.78,64.97,1.55,4.66,4.43
11/6/2023,31.95,31.61,50.52,51.75,53.47,48.48,51.02,64.54,1.11,4.66,4.43
11/7/2023,31.95,30.45,50.74,51.43,52.95,47.79,50.18,63.53,1.18,4.66,4.43
11/8/2023,32.12,31.27,51.64,52.35,54.14,48.67,50.79,65.4,1.97,4.66,4.43
11/9/2023,31.45,29.84,50.27,51.5,53.03,48.37,49.47,65.05,2.04,3.83,2.64
11/10/2023,32.15,29.72,51.42,52.56,54.69,49.86,51.44,67.08,1.4,4.42,2.45
11/11/2023,32.45,30.16,51.62,55.2,57.18,50.11,51.78,67.36,1.61,4.14,2.53
11/12/2023,32.62,30.62,52.23,56.54,58.2,49.56,51.91,62.32,0.34,4.41,2.44
11/13/2023,31.37,31.42,48.26,50.14,52.45,46.85,46.43,57.17,4.14,2.91,2.54
11/14/2023,31.51,30.76,50.87,55.43,56.62,49.06,50.75,60.57,0.46,4.4,2.47
11/15/2023,30.96,30.15,49.75,51.58,53.18,48.25,48.08,57.69,2.95,3.92,2.51
11/16/2023,31.45,29.49,47.36,47.9,52.34,47.33,45.41,56.99,0.67,3.02,2.91
11/17/2023,32.79,30.34,52.6,56.66,59.75,50.02,52.88,57.36,3.74,4.4,0.17
11/18/2023,32.2,28.62,51.6,56.11,59.18,49.67,51.24,54.82,1.07,4.39,0.17
11/19/2023,32.15,30.12,50.04,52.4,56.11,47.99,49.84,53.35,1.18,3.93,0.17
11/20/2023,31.95,29.85,52.42,53.99,57.59,48.65,50.94,54.98,0.44,4.42,0.17
11/21/2023,31.62,26.84,51.84,52.43,55.83,48.86,50.5,53.72,1.61,4.43,2.7
11/22/2023,31.45,27.95,49.32,52.65,57.28,50.04,50.57,54.01,1.97,3.83,2.46
11/23/2023,31.45,29.35,50.17,53.55,60.68,52.75,50.36,54.77,5.62,4.03,2.78
11/24/2023,30.45,28.03,49.15,52.18,58.95,50.14,49.25,54.25,0.76,4.49,3.48
11/25/2023,30.55,26.51,48.85,51.19,58.1,47.53,49.44,54.58,0.9,4.47,2.42
11/26/2023,31.15,29.55,50.79,52.98,60.16,49.53,50.92,57.56,1.07,4.09,2.45
11/27/2023,31.12,29.11,51.11,52.65,60.22,49.17,51.04,57.33,1.97,4.43,2.53
11/28/2023,31.45,29.62,51.45,53.43,60.78,52.64,51.47,57.55,0.67,4.46,2.82
11/29/2023,32.16,29.5,50.72,53.88,61.02,50.74,50.54,57.28,0.71,4.43,2.75
11/30/2023,33.13,29.85,51.87,54.65,61.85,53.36,52.51,58.95,1.9,4.34,3.69
12/1/2023,31.95,29.67,97.48,52.71,58.63,51.75,50.65,111.62,2.58,2.87,3.67
12/2/2023,29.95,27.93,60.71,46.83,48.43,47.69,46.44,63.24,1.36,2.62,2.85
12/3/2023,30.95,28.91,62.21,51.65,52.66,50.18,50.89,65.75,1.84,4.47,2.52
12/4/2023,31.66,29.85,60.23,52.24,53.12,52.65,51.02,65.9,1.03,3.25,3.32
12/5/2023,31.29,28.85,81.03,51.22,53.98,49.04,49.53,86.36,1.45,3.15,2.46
12/6/2023,32.16,30.13,72.7,51.72,52.54,51.09,48.21,489.83,1.78,4.46,0
12/7/2023,32.46,30.35,73.38,53.49,54.28,51.87,51.15,52.34,1.61,4.57,0
12/8/2023,32.68,30.24,73.19,53.91,54.81,54.46,51.99,53.62,0.19,4.57,0
12/9/2023,32.95,30.96,72.61,53.88,54.88,53.83,52.45,53.32,0.38,4.41,0
12/10/2023,32.7,31.17,70.2,53.48,54.43,49.74,51.76,52.92,1.4,4.49,3.75
12/11/2023,32.25,30.85,69.06,55.96,56.49,50.23,51.09,52.46,1.18,2.39,4.1
12/12/2023,32.11,30.47,69.85,56.38,57.69,49.24,51.01,52.22,1,2.73,3.95
12/13/2023,32.11,30.74,433.67,54.46,91.64,51.43,49.99,51.93,1.18,2.32,3.51
12/14/2023,31.62,28.62,45.86,55.45,55.84,52.01,49.97,50.99,3.27,4.41,3.69
12/15/2023,31.45,29.35,45.96,55.55,56.52,51.74,50.28,51.89,2.04,2.61,3.98
12/16/2023,32.24,29.47,47.09,56.78,57.07,53.44,51.18,52.47,2.41,4.5,3.54
12/17/2023,32.45,30.23,46.94,57.4,57.95,52.52,52,53.9,0.64,4.46,3.7
12/18/2023,32.39,30.81,44.9,56.6,57.32,53.27,50.89,52.66,0.31,2.79,3.94
12/19/2023,32.52,30.16,48.55,56.88,57.63,56.46,51.41,53.14,0.49,4.49,4.16
12/20/2023,32.45,30.56,49,56.85,58.52,55.03,52.09,53.01,0.17,3.97,2.82
12/21/2023,32.7,30.98,50.62,56.48,57.29,55.54,50.83,52.74,0.28,4.05,0
12/22/2023,32.95,30.7,51.98,57.65,58.89,52.27,51.48,53.15,0.11,4.08,0
12/23/2023,31.61,28.54,49.26,55.77,57.15,49.58,50.21,51.18,2.67,4.1,3.31
12/24/2023,31.39,27.95,45.8,55.55,56.83,52.15,50.04,51.71,3.5,3.61,4.05
12/25/2023,31.45,29.03,49.89,55.38,56.9,52.06,50.52,52.32,5.25,4.05,4.1
12/26/2023,31.46,29.12,48.33,51.53,53.48,47.96,49.23,50.42,1.11,3.96,3.97
12/27/2023,31.81,30.42,47.51,52.44,53.43,52.23,49.21,50.27,0.56,3.23,2.76
12/28/2023,31.46,29.61,47.27,56,56.31,52.42,50.53,51.65,0.49,4.18,3.56
12/29/2023,31.46,27.34,44.71,55.88,57.02,50.39,50.83,51.9,3.74,4.4,3.68
12/30/2023,31.67,28.85,45.43,54.68,55.19,52.49,50.13,51.36,1.4,4.1,3.66
12/31/2023,32.47,30.75,48.83,55.34,65.26,52.43,50.59,51.95,0.49,3.6,3.66
1/1/2024,32.1,30.12,50.33,57.55,71.96,52.55,52.21,53.58,0.28,4.52,2.95
1/2/2024,30.95,31.01,44.18,49.21,66.38,46.61,44.74,45.63,0.18,2.32,3.35
1/3/2024,32.45,31.23,50.05,54.12,67.85,51.82,50.31,51.57,0.69,3.07,3.44
1/4/2024,32.45,30.05,50.09,53.65,66.61,51.7,49.87,51.07,0.22,2.99,3.21
1/5/2024,31.75,29.5,48.87,52.88,53.35,49.9,48.19,49.32,0.62,3.52,2.64
1/6/2024,31.62,28.62,49.35,52.55,54.68,49.38,47.52,48.73,0.69,3.58,2.6
1/7/2024,30.95,28.34,48.09,52.46,56.41,50.88,48.47,49.91,1.84,3.63,2.77
1/8/2024,31.38,29.69,48.82,52.44,57.65,52.8,48.39,49.75,0.84,3.69,2.66
1/9/2024,30.95,28.69,48.48,51.45,60.75,51.1,47.4,48.42,2.86,3.08,2.87
1/10/2024,31.45,29.53,47.84,51.42,58.44,51.91,48.84,49.79,0.18,3.07,2.63
1/11/2024,32.7,30.22,48.86,50.92,55.14,50.61,48.96,49.64,0.36,2.39,2.74
1/12/2024,31.55,30.16,49.1,49.72,52.46,52.1,48.73,49.26,0.04,2.14,2.59
1/13/2024,31.95,30.23,49.83,49.05,52.02,52.34,49.45,50.09,0,3.08,2.33
1/14/2024,31.95,30.8,49.8,49.65,52.9,49.61,49.48,50.18,0,2.09,2.54
1/15/2024,30.94,29.85,48.92,48.37,51.42,51.17,48.31,49.13,0.76,1.88,2.48
1/16/2024,30.83,30.85,50.71,49.22,51.42,52.42,49.29,50.65,0.6,1.83,2.51
1/17/2024,30.92,29.91,48.56,48.17,49.47,48.42,48.09,49.13,0.69,2.97,2.42
1/18/2024,31.25,30.55,49.67,48.78,52.37,49.57,48.75,49.74,0.82,2.97,2.42
1/19/2024,32.31,31.35,50.72,49.55,54.52,51.15,49.22,50.03,0.08,2.97,2.42
1/20/2024,30.95,29.18,50.41,48.44,50.79,50.98,48.14,49.1,0.23,2.97,2.42
1/21/2024,30.75,28.85,50.01,47.88,51,52.65,47.76,48.35,1,2.97,2.42
1/22/2024,30.25,29.03,49.9,47.46,49.07,52.44,46.56,47.77,1.4,2.97,2.42
1/23/2024,29.75,29.13,48.66,46.91,48.09,51.25,46.45,47.61,2.58,2.97,2.42
1/24/2024,29.92,29.04,47.91,47.39,48.12,49.67,46.71,47.6,2.25,2.97,2.42
1/25/2024,30.55,29.47,48.53,49.44,49.73,51,48.52,49.56,1.45,2.97,2.42
1/26/2024,30.75,28.85,47.56,48.91,50.36,52.44,48.58,49.66,1.27,2.97,2.42
1/27/2024,31.25,30.17,49.56,48.55,49.38,51.4,48.18,49.27,0.15,2.97,2.42
1/28/2024,31,30.68,49.9,47.86,49.91,52.87,48.25,49.09,0.11,2.97,2.42
1/29/2024,31.3,30.73,50.5,47.94,49.39,51.55,47.94,48.16,0.1,2.97,2.42
1/30/2024,31.25,31.52,51.21,48.65,55.23,51.73,48.02,48.83,0.32,2.97,2.42
1/31/2024,31.25,29.85,51.41,47.4,56.89,49.94,48.39,49.29,0.14,2.97,2.42
2/1/2024,31.18,31.8,50.65,48.55,49.93,49.48,48.42,49.06,0.53,2.97,2.42
2/2/2024,31.9,31.8,50.2,46.75,50.52,51.52,46.99,48.05,0.9,2.97,2.42
2/3/2024,30.25,31.45,41.72,40.43,46.26,43.54,39.9,40.88,0.3,2.97,2.42
2/4/2024,32.06,31.75,49.05,48.06,53.94,52.98,48.92,49.98,0.16,2.97,2.42
2/5/2024,32.53,31.85,51.36,49,54.58,54.25,50,50.86,0.04,2.97,2.42
2/6/2024,31.75,31.51,51.09,49.05,54.54,53.83,48.69,49.66,1.03,2.97,2.42
2/7/2024,32.75,31.55,51.09,49.05,55.58,53.27,49.16,50.65,0.37,2.97,2.42
2/8/2024,31.25,31.16,46.65,44.53,51.72,52.83,48.18,49.55,0.62,2.97,2.42
2/9/2024,31.75,30.89,45.47,43.55,50.83,51.47,48.58,50.04,0.11,2.97,2.42
2/10/2024,31.76,30.55,50.24,48.48,55.69,48.4,48.26,49.1,0.04,2.97,2.42
2/11/2024,31.89,30.16,50.52,48.55,56.31,45.5,47.87,49.22,0,2.97,2.42
2/12/2024,31.75,31.52,50.87,49,56.77,47.38,49.37,50.07,0,2.97,2.42
2/13/2024,31.76,31.17,50.76,48.05,55.83,46.03,49.08,49.56,0.05,2.97,2.42
2/14/2024,31.25,32.35,50.49,48.22,55.74,49.95,48.41,49.46,0.4,2.97,2.42
2/15/2024,31.75,31.2,48.89,48.55,56.25,52.5,49.28,50.09,0.11,2.97,2.42
2/16/2024,31.63,32.41,47.29,47.93,55.18,53.94,48.89,49.89,0.07,2.97,2.42
2/17/2024,32.75,30.59,46.56,50.05,56.91,53.84,48.44,49.55,0.26,2.97,2.42
2/18/2024,31.74,32.06,48.43,48.88,56.12,49.25,45.84,46.33,0.33,2.97,2.42
2/19/2024,31.75,31.75,51.42,48.88,56.22,51.53,49.24,50.07,4.29,2.97,2.42
2/20/2024,31.58,31.61,50.66,48.28,70.95,51.34,49.12,50.06,2.18,2.97,2.42
2/21/2024,32.89,32.55,52.08,50.86,74.41,51.01,50.03,50.95,1.18,2.97,2.42
2/22/2024,32.64,32.51,48.95,51.04,74.91,50.53,48.94,49.62,0.47,2.97,2.42
2/23/2024,32.9,32.37,43.84,42.52,66.62,50.95,49.4,50.09,0.12,2.97,2.42
2/24/2024,32.25,32.67,51.2,47.56,71.16,51.25,49.81,49.99,0.12,2.97,2.42
2/25/2024,32.64,32.17,50.61,53.05,76.13,47.63,49.4,50.05,1.36,2.97,2.42
2/26/2024,32.25,31.44,50.81,53.4,76.45,46.81,48.9,50.37,0.04,2.97,2.42
2/27/2024,32.9,32.59,48.34,49.32,68.15,49.15,48.87,50.21,0.1,2.97,2.42
2/28/2024,32.75,32.71,51.41,53.02,69.14,49.39,49.45,50,0.14,2.97,2.42
2/29/2024,33.03,32.53,50.98,52.93,67.96,50.45,49.36,50.47,0.1,2.97,2.42
3/1/2024,32.25,33.23,47.29,52.27,58.47,50.43,48.36,49.3,0.79,2.97,2.42
3/2/2024,31.25,31.81,49.16,52.16,57.77,50.99,48.97,50.1,1.66,2.97,2.42
3/3/2024,31.75,31.03,51.33,51.91,67.84,50.12,48.56,49.26,0.87,2.97,2.42
3/4/2024,32.35,33.66,53.14,52.39,62.91,51.09,49.8,50.32,1.03,2.97,2.42
3/5/2024,32.26,32.45,49.47,52.17,55.2,50.7,49.36,50.24,3.16,2.97,2.42
3/6/2024,32.51,32.35,48.13,48.88,54.52,51.42,47.81,48.82,1.5,2.97,2.42
3/7/2024,31.58,32.76,51.93,52.38,62.91,51.78,48.72,49.42,4.43,2.97,2.42
3/8/2024,32.08,31.05,48.08,51.66,55.64,49.51,48.24,48.61,0.35,2.97,2.21
3/9/2024,31.55,32.17,46.4,47.64,53.23,46.55,45.33,45.32,3.62,2.97,2.12
3/10/2024,31.35,30.32,46.83,51.06,53.14,48.58,48.78,49.8,0.14,2.97,1.95
3/11/2024,31.18,30.34,48.18,51.44,56.03,45.98,47.82,49.1,0.04,2.97,1.46
3/12/2024,31.92,32.28,49.59,52.27,55.64,46.75,48.16,49.15,0.16,2.97,1.22
3/13/2024,31.76,32.17,48.37,52.55,55.92,46.95,49.43,50.67,0.11,2.97,1.22
3/14/2024,32.31,32.33,47.77,51.63,54.91,47.25,49.18,49.73,0.1,2.97,1.01
3/15/2024,32.75,32.11,48.93,53.11,55.22,51.42,49.46,50.75,0.11,2.97,1.01
3/16/2024,32.25,31.85,47.28,52.55,58.96,50.49,49.17,49.75,0.62,2.97,1.99
3/17/2024,31.58,31.75,46.75,51.29,55.5,48.92,47.85,48.68,1.55,2.97,1.08
3/18/2024,32.51,32.78,48.05,52.56,57.17,48.33,48.83,49.39,0.06,2.97,0.87
3/19/2024,32.75,33.2,48.76,53.05,65.1,50.28,49.47,49.94,0.05,2.97,0.87
3/20/2024,32.18,32.44,48.52,52.33,63.97,50.35,49.29,49.95,0.23,2.97,0.87
3/21/2024,32.75,31.92,44.4,48.05,59.84,51.04,49.59,50.79,0.3,2.97,0.87
3/22/2024,32.31,32.71,47.89,52.46,58.31,50.35,49.4,50.28,0.25,2.97,0.87
3/23/2024,32.17,33.81,49.18,52.91,62.73,47.81,49.29,49.86,0.28,2.97,0.87
3/24/2024,33.55,32.53,48.64,53.48,70.06,49.64,49.66,50.66,0.18,2.97,2.28
3/25/2024,31.75,33.47,46.83,48.53,71.95,49.44,45.12,45.44,0.51,2.97,2.34
3/26/2024,30.55,33.02,42.3,40.2,41.95,43.14,38.13,38.65,3.5,2.97,2.12
3/27/2024,32.25,32.94,43.35,46.94,49.32,49.76,47.96,48.61,0.97,2.97,2.19
3/28/2024,32.35,33.65,48.17,47.06,53.36,49.64,49.23,49.44,1.9,2.97,2.18
3/29/2024,32.17,33.72,48.55,53.3,55.82,49.05,49.37,49.88,0.69,2.97,1.8
3/30/2024,31.75,30.77,48.28,51.78,63.28,48.69,48.06,48.99,3.87,2.97,2.91
3/31/2024,31.75,33.33,48.92,53.48,56.29,51.78,49.74,50.18,1.11,2.97,2.84
4/1/2024,31.75,33.64,50.17,53.05,59.36,48.16,48.89,49.51,0.21,2.97,2.04
4/2/2024,32.35,33.19,50.4,53.39,62.15,50.73,49.76,50.92,0.58,2.97,2.95
4/3/2024,32.25,33.71,50.64,54.91,73.59,51.08,50.15,50.57,1.03,2.97,2.98
4/4/2024,32.47,33.44,48.43,54.38,63.26,51.33,50.3,50.92,0.67,2.97,2.35
4/5/2024,33.26,33.85,47.52,55.55,64.57,50.27,50.61,50.54,0.31,2.97,1.14
4/6/2024,33.26,33.85,49.81,56.05,68.57,50.07,50.82,52.15,0.32,2.97,1.37
4/7/2024,33.18,34.93,48.79,55.55,68.35,52.85,50.35,51.17,0.62,2.97,2.06
4/8/2024,32.75,33.89,49.26,54.45,69.95,50.77,49.6,50.19,1.61,2.97,1.78
4/9/2024,32,32.85,44.83,46.03,77.23,52.95,49.15,50.02,1.45,2.97,2.6
4/10/2024,31.75,32.61,42.14,38.85,72.32,51.4,49.67,50.23,1.36,2.97,2.55
4/11/2024,31.89,33.67,42.14,39.02,75.4,52.08,50.36,50.88,0,2.97,2.54
4/12/2024,31.75,33.71,42.64,39.19,74.14,53,49.11,49.65,0.6,2.97,1.05
4/13/2024,32.25,34.43,42.64,39.03,73.14,50.33,48.71,49.65,1.22,2.97,1.54
4/14/2024,31.55,32.66,42.14,39.03,73.14,50.9,48.05,48.94,0.93,2.97,2.45
4/15/2024,32.08,34.02,42.14,39.03,73.14,50.74,49.18,49.06,1.5,2.97,1.85
4/16/2024,31.55,34.35,42.14,38.53,73.14,49.65,47.62,48.32,1.45,2.97,3.32
4/17/2024,30.75,33.22,41.14,38.54,72.39,49.98,47.87,48.99,1.03,2.97,2.34
4/18/2024,31.25,31.85,42.14,38.04,79.08,49.21,47.77,48.67,1.27,2.97,1.97
4/19/2024,31.35,32.06,41.64,38.04,92.88,49.63,48.48,48.94,5.25,2.97,1.53
4/20/2024,31.75,32.65,49.96,46.68,175.85,47.81,46.39,47.33,0.53,2.11,2.8
4/21/2024,32.25,34.65,51.3,50.99,52.31,48.05,44.42,45.41,0.39,2.54,2.92
4/22/2024,32.25,33.51,43.43,42.52,43.29,53.55,48.79,49.99,0.53,0.13,3.88
4/23/2024,32.33,32.45,46.54,47.67,49.31,51.41,49.66,50.73,1.36,3.07,2.88
4/24/2024,32.18,33.54,46.61,48.54,49.35,50.86,49.62,50.51,2.11,1.47,2.88
4/25/2024,31.75,34.35,42.93,40.52,41.1,52.09,48.37,49.26,1.36,0,2.73
4/26/2024,31.55,33.65,42.76,39.35,39.6,50.39,48.54,49.99,1.45,0,2.5
4/27/2024,32.09,34.57,42.43,38.52,39.6,53.46,48.52,49.51,0.49,0,2.76
4/28/2024,31.55,33.35,42.93,39.02,39.6,53.7,49.57,50.35,0.53,0,2.76
4/29/2024,32.08,33.16,45.45,46.56,47.15,52.59,48.87,49.89,1.14,0.99,2.98
4/30/2024,31.75,34.76,45.28,46.55,48.71,52.43,49.19,50.46,0.47,0.63,2.72
